Date,VialID,Tag #,Bag #,Time Collected,Species,Collector,Island,GPS time point (UTC),Latitude,Longitude,Preservation,Notes,DNA extract date,DNA extract gel,DNA extract person,Quality
5/7/2022,SAP_001,323,60,13:35,APAL,KA/Sesno,STT,,18.33555,-64.8488,,*Tag used for multiple corals,,,,
5/7/2022,SAP_002,323,42,13:39,PAST,KA/Sesno,STT,,18.33556,-64.8488,,*Tag used for multiple corals,,,,
5/7/2022,SAP_003,G2810,7,13:39,APAL,Erik,STT,,18.33556,-64.8488,,,,,,
5/7/2022,SAP_004,370,59,13:43,OANN,KA/Sesno,STT,,18.33562,-64.8488,,,,,,
5/7/2022,SAP_005,G2807,6,13:48,APAL,Erik,STT,,18.33562,-64.8487,,,,,,
5/7/2022,SAP_006,336,52,13:49,PSTR,KA/Sesno,STT,,18.33563,-64.8487,,,,,,
5/7/2022,SAP_007,G2808,12,13:51,APAL,Erik,STT,,18.33563,-64.8487,,,,,,
5/7/2022,SAP_008,G2809,11,13:54,APAL,Erik,STT,,18.33563,-64.8486,,,,,,
5/7/2022,SAP_009,G2806,54,13:54,OANN,KA/Sesno,STT,,18.33563,-64.8486,,*Tag used for multiple corals,,,,
5/7/2022,SAP_010,G2816,13,13:56,APAL,Erik,STT,,18.33563,-64.8486,,,,,,
5/7/2022,SAP_011,G2817,14,13:56,PSTR,Erik,STT,,18.33563,-64.8486,,,,,,
5/7/2022,SAP_012,G2806,53,13:57,PAST,KA/Sesno,STT,,18.33563,-64.8486,,*Tag used for multiple corals,,,,
5/7/2022,SAP_013,357,57,14:04,PSTR,KA/Sesno,STT,,18.33563,-64.8484,,,,,,
5/7/2022,SAP_014,303,44,14:07,APAL,KA/Sesno,STT,,18.33563,-64.8484,,,,,,
5/7/2022,SAP_015,G2818,5,14:07,OANN,Erik,STT,,18.33563,-64.8484,,,,,,
5/7/2022,SAP_016,G2819,4,14:12,APAL,Erik,STT,,18.33576,-64.8484,,,,,,
5/7/2022,SAP_017,307,58,14:13,OFAV,KA/Sesno,STT,,18.33576,-64.8484,,,,,,
5/7/2022,SAP_018,G2820,26,14:16,APAL,Erik,STT,,18.33578,-64.8483,,,,,,
5/7/2022,SAP_019,390,56,14:19,OFAV,KA/Sesno,STT,,18.33571,-64.8483,,,,,,
5/7/2022,SAP_020,G2826,25,14:20,OFAV,Erik,STT,,18.33572,-64.8483,,,,,,
5/7/2022,SAP_021,G2830,24,14:25,APAL,Erik,STT,,18.33574,-64.8482,,,,,,
5/7/2022,SAP_022,342,46,14:28,OFAV,KA/Sesno,STT,,18.33574,-64.8482,,*Tag used for multiple corals,,,,
5/7/2022,SAP_023,G2827,23,14:30,OFAV,Erik,STT,,18.33573,-64.8482,,,,,,
5/7/2022,SAP_024,342,43,14:34,PAST,KA/Sesno,STT,,18.33573,-64.8483,,*Tag used for multiple corals,,,,
5/7/2022,SAP_025,342,41,14:31,APAL,KA/Sesno,STT,,18.33573,-64.8482,,*Tag used for multiple corals,,,,
5/10/2022,SAP_026,G2030,200,13:47,PSTR,Sesno,STT,,18.33571,-64.848,,*Tag used for multiple corals,,,,
5/10/2022,SAP_027,G2030,222,13:50,PAST,Sesno,STT,,18.33573,-64.848,,*Tag used for multiple corals,,,,
5/10/2022,SAP_028,G2036,202,13:58,PSTR,Sesno,STT,,18.33571,-64.8478,,,,,,
5/10/2022,SAP_029,G2026,223,14:03,PAST,Sesno,STT,,18.33565,-64.8477,,,,,,
5/10/2022,SAP_030,G2027,224,14:10,APAL,Sesno,STT,,18.33551,-64.8477,,,,,,
5/10/2022,SAP_031,G2028,204,14:14,APAL,Sesno,STT,,18.33541,-64.8477,,,,,,
5/10/2022,SAP_032,G2029,203,14:20,ACER,Sesno,STT,,18.33543,-64.8476,,*Tag used for multiple corals,,,,
5/10/2022,SAP_033,G2029,201,14:23,PSTR,Sesno,STT,,18.33533,-64.8478,,*Tag used for multiple corals,,,,
5/10/2022,SAP_034,G2849,206,14:32,PSTR,Sesno,STT,,18.33525,-64.8477,,*Tag used for multiple corals,,,,
5/10/2022,SAP_035,G2849,205,14:29,ACER,Sesno,STT,,18.33524,-64.8477,,*Tag used for multiple corals,,,,
5/10/2022,SAP_036,G2850,221,14:45,PSTR,Sesno,STT,,18.33511,-64.8469,,,,,,
5/10/2022,SAP_037,G2042,220,14:50,OFAV,Sesno,STT,,18.33529,-64.8469,,*Tag used for multiple corals,,,,
5/10/2022,SAP_038,G2042,207,14:53,PAST,Sesno,STT,,18.33522,-64.847,,*Tag used for multiple corals,,,,
5/10/2022,SAP_039,G2035,208,15:01,PAST,Sesno,STT,,18.33522,-64.8473,,,,,,
5/10/2022,SAP_040,G2041,149,13:47,PAST,Erik,STT,,18.33571,-64.848,,*Tag used for multiple corals,,,,
5/10/2022,SAP_041,G2041,148,13:47,APAL,Erik,STT,,18.33571,-64.848,,*Tag used for multiple corals,,,,
5/10/2022,SAP_042,G2848,147,13:53,APAL,Erik,STT,,18.33567,-64.8479,,,,,,
5/10/2022,SAP_043,G2846,146,13:57,PSTR,Erik,STT,,18.33571,-64.8478,,,,,,
5/10/2022,SAP_044,G2847,145,14:01,PSTR,Erik,STT,,18.33563,-64.8477,,,,,,
5/10/2022,SAP_045,G2840,144,14:06,OFAV,Erik,STT,,18.33554,-64.8478,,,,,,
5/10/2022,SAP_046,G2839,143,14:10,PAST,Erik,STT,,18.33551,-64.8477,,,,,,
5/10/2022,SAP_047,G2838,142,14:15,OFAV,Erik,STT,,18.33542,-64.8476,,*Tag used for multiple corals,,,,
5/10/2022,SAP_048,G2838,141,14:15,PSTR,Erik,STT,,18.33542,-64.8476,,*Tag used for multiple corals,,,,
5/10/2022,SAP_049,G2838,140,14:15,PAST,Erik,STT,,18.33542,-64.8476,,*Tag used for multiple corals,,,,
5/10/2022,SAP_050,G2829,139,14:23,APAL,Erik,STT,,18.33533,-64.8478,,,,,,
5/10/2022,SAP_051,G2837,138,14:26,PSTR,Erik,STT,,18.3353,-64.8478,,,,,,
5/10/2022,SAP_052,G2836,,14:46,OFAV,Erik,STT,,18.33511,-64.8469,,,,,,
5/10/2022,SAP_053,G2801,136,14:52,PSTR,Erik,STT,,18.33522,-64.847,,,,,,
5/10/2022,SAP_054,G2495,135,14:58,PAST,Erik,STT,,18.33524,-64.8471,,,,,,
5/10/2022,SAP_055,348,176,13:48,PSTR,KA,STT,,18.33573,-64.848,,*Tag used for multiple corals,,,,
5/10/2022,SAP_056,348,305,13:48,PAST,KA,STT,,18.33573,-64.848,,*Tag used for multiple corals,,,,
5/10/2022,SAP_057,476,175,13:57,APAL,KA,STT,,18.33571,-64.8478,,*Tag used for multiple corals,,,,
5/10/2022,SAP_058,476,300,13:57,PAST,KA,STT,,18.33571,-64.8478,,*Tag used for multiple corals,,,,
5/10/2022,SAP_059,425,177,14:02,OFAV,KA,STT,,18.33564,-64.8477,,,,,,
5/10/2022,SAP_060,457,178,14:08,PSTR,KA,STT,,18.33551,-64.8478,,,,,,
5/10/2022,SAP_061,481,179,14:12,OFAV,KA,STT,,18.33551,-64.8477,,*Tag used for multiple corals,,,,
5/10/2022,SAP_062,481,301,14:12,PAST,KA,STT,,18.33551,-64.8477,,*Tag used for multiple corals,,,,
5/10/2022,SAP_063,359,188,14:17,APAL,KA,STT,,18.33541,-64.8476,,*Tag used for multiple corals,,,,
5/10/2022,SAP_064,359,302,14:17,OFAV,KA,STT,,18.33541,-64.8476,,*Tag used for multiple corals,,,,
5/10/2022,SAP_065,427,181,14:24,PSTR,KA,STT,,18.33533,-64.8478,,,,,,
5/10/2022,SAP_066,475,183,14:35,APAL,KA,STT,,18.33488,-64.8474,,,,,,
5/10/2022,SAP_067,428,182,14:36,PSTR,KA,STT,,18.33492,-64.8472,,,,,,
5/10/2022,SAP_068,445,184,14:46,OANN,KA,STT,,18.33511,-64.8469,,DISEASE,,,,
5/10/2022,SAP_069,389,185,14:51,PAST,KA,STT,,18.33528,-64.847,,,,,,
5/10/2022,SAP_070,372,186,15:02,OANN,KA,STT,,18.33519,-64.8474,,DISEASE,,,,
5/10/2022,MEG_001,G2815,142,12:24,OANN,Marilyn,STT,,18.37155,-64.928,,*check with Marilyn for photos,,,,
5/10/2022,MEG_002,G2821,151,12:27,PAST,Marilyn,STT,,18.37155,-64.928,,,,,,
5/10/2022,MEG_003,G2822,133,12:29,OFAV,Marilyn,STT,,18.37155,-64.928,,,,,,
5/10/2022,MEG_004,G2823,150,12:33,OFRA,Marilyn,STT,,18.37155,-64.928,,,,,,
5/10/2022,MEG_005,G2824,147,12:36,PAST,Marilyn,STT,,18.37155,-64.928,,,,,,
5/10/2022,MEG_006,G2831,130,12:42,OANN,Marilyn,STT,,18.37155,-64.928,,,,,,
5/10/2022,MEG_007,G2825,153,12:45,OANN,Marilyn,STT,,18.37155,-64.928,,WITH SNAILS,,,,
5/10/2022,MEG_008,G2823,159,12:48,OFRA,Marilyn,STT,,18.37155,-64.928,,,,,,
5/10/2022,MEG_009,G2833,158,12:50,OANN,Marilyn,STT,,18.37155,-64.928,,,,,,
5/10/2022,MEG_010,G2841,157,12:53,PSTR,Marilyn,STT,,18.37155,-64.928,,Paling? discolored,,,,
5/10/2022,MEG_011,G2834,156,12:56,OANN,Marilyn,STT,,18.37155,-64.928,,,,,,
5/10/2022,MEG_012,G2835,154,12:58,PAST,Marilyn,STT,,18.37155,-64.928,,,,,,
5/10/2022,MEG_013,G2842,229,14:55,OFRA,Marilyn,STT,,18.37155,-64.928,,,,,,
5/10/2022,MEG_014,G2843,217,15:00,PAST,Marilyn,STT,,18.37155,-64.928,,,,,,
5/10/2022,MEG_015,G2844,212,15:04,OFRA,Marilyn,STT,,18.37155,-64.928,,,,,,
5/10/2022,MEG_016,G2845,224,15:07,OANN,Marilyn,STT,,18.37155,-64.928,,,,,,
5/10/2022,MEG_017,G2856,221,15:10,OFRA,Marilyn,STT,,18.37155,-64.928,,,,,,
5/10/2022,MEG_018,G2857,232,15:13,PAST,Marilyn,STT,,18.37155,-64.928,,,,,,
5/10/2022,MEG_019,G2858,143,15:15,OFRA,Marilyn,STT,,18.37155,-64.928,,,,,,
5/10/2022,MEG_020,G2859,215,15:20,OFAV,Marilyn,STT,,18.37155,-64.928,,,,,,
5/10/2022,MEG_021,G2860,210,15:23,OFRA,Marilyn,STT,,18.37155,-64.928,,,,,,
5/10/2022,MEG_022,G2866,155,15:26,PAST,Marilyn,STT,,18.37155,-64.928,,,,,,
5/10/2022,MEG_023,G2867,227?,15:30,OANN,Marilyn,STT,,18.37155,-64.928,,,,,,
5/10/2022,MEG_024,G2868,227?,15:35,OFRA,Marilyn,STT,,18.37155,-64.928,,,,,,
5/10/2022,MEG_025,G2876,223,15:38,OFRA,Marilyn,STT,,18.37155,-64.928,,,,,,
5/10/2022,MEG_026,G2869,220,15:44,OFRA,Marilyn,STT,,18.37155,-64.928,,,,,,
5/10/2022,MEG_027,G2870,219,15:47,OFRA,Marilyn,STT,,18.37155,-64.928,,,,,,
5/10/2022,MEG_028,G2877,222,15:50,PAST,Marilyn,STT,,18.37155,-64.928,,,,,,
5/10/2022,MEG_029,G2878,216,15:56,OANN,Marilyn,STT,,18.37155,-64.928,,,,,,
5/10/2022,MEG_030,G2879,228,15:59,OANN,Marilyn,STT,,18.37155,-64.928,,,,,,
5/10/2022,MEG_031,G2880,230,16:02,OANN,Marilyn,STT,,18.37155,-64.928,,,,,,
5/10/2022,MEG_032,G2886,226,16:06,OFRA,Marilyn,STT,,18.37155,-64.928,,,,,,
5/10/2022,MEG_033,G2887?,231,16:08,PAST,Marilyn,STT,,18.37155,-64.928,,,,,,
5/9/2022,IBR_001,3378,29,11:17,APAL,Sesno,STT,,18.37898,-64.96497,,IBR001 and IBR002 right next to each other,,,,
5/9/2022,IBR_002,3380,10,11:16,APAL,Sesno,STT,,18.37898,-64.96497,,IBR001 and IBR002 right next to each other,,,,
5/9/2022,IBR_003,3383,8,11:20,APAL,Sesno,STT,,18.37898,-64.96497,,,,,,
5/9/2022,IBR_004,3370,37,11:28,APAL,Sesno,STT,,18.37919,-64.96497,,,,,,
5/9/2022,IBR_005,3362,39,11:34,APAL,Sesno,STT,,18.37919,-64.96497,,Might be switched with IBR074 - same bag number,,,,
5/9/2022,IBR_006,3373,5,11:42,APAL,Sesno,STT,,18.37919,-64.96497,,,,,,
5/9/2022,IBR_007,306,42,11:51,PAST,Sesno,STT,,18.37919,-64.96497,,*Tag used for multiple corals,,,,
5/9/2022,IBR_008,306,36,11:54,PSTR,Sesno,STT,,18.37919,-64.96497,,*Tag used for multiple corals,,,,
5/9/2022,IBR_009,361,40,12:03,ACER,Sesno,STT,,18.37919,-64.96497,,,,,,
5/9/2022,IBR_010,362,44,12:09,PAST,Sesno,STT,,18.37904,-64.96462,,,,,,
5/9/2022,IBR_011,3358,9,12:23,APAL,Sesno,STT,,18.37904,-64.96462,,,,,,
5/9/2022,IBR_012,3355,32,12:25,APAL,Sesno,STT,,18.37904,-64.96462,,disease,,,,
5/9/2022,IBR_013,366,38,12:42,ACER,Sesno,STT,,18.37904,-64.96462,,,,,,
5/9/2022,IBR_014,311,60,12:47,ACER,Sesno,STT,,18.37904,-64.96462,,,,,,
5/9/2022,IBR_015,305,27,13:02,OANN,Sesno,STT,NA,18.37904,-64.96462,,*Tag used for multiple corals,,,,
5/9/2022,IBR_016,305,59,13:05,OFRA,Sesno,STT,NA,18.37904,-64.96462,,*Tag used for multiple corals,,,,
5/9/2022,IBR_017,380,35,13:07,PSTR,Sesno,STT,NA,18.37904,-64.96462,,Sample might have sponge attached,,,,
5/9/2022,IBR_018,449,1,14:18,PAST,Sesno,STT,,18.37983493,-64.96364792,,*Tag used for multiple corals,,,,
5/9/2022,IBR_019,449,4,14:20,OFAV,Sesno,STT,,18.3798361,-64.96367943,,*Tag used for multiple corals,,,,
5/9/2022,IBR_020,426,25,14:25,OANN,Sesno,STT,,18.37983166,-64.96369285,,,,,,
5/9/2022,IBR_021,480,6,14:31,PSTR,Sesno,STT,,18.3797211,-64.96373643,,*Tag used for multiple corals,,,,
5/9/2022,IBR_022,480,53,14:33,PAST,Sesno,STT,,18.37971624,-64.96374205,,*Tag used for multiple corals,,,,
5/9/2022,IBR_023,429,24,14:36,OFRA,Sesno,STT,,18.37963058,-64.96371447,,species? could be ofav?,,,,
5/9/2022,IBR_024,474,56,14:42,OFAV,Sesno,STT,,18.37955841,-64.96365747,,,,,,
5/9/2022,IBR_025,450,144,14:47,PAST,Sesno,STT,,18.37952337,-64.96360559,,,,,,
5/9/2022,IBR_026,455,149,14:53,PAST,Sesno,STT,,18.37951097,-64.96361112,,*Tag used for multiple corals,,,,
5/9/2022,IBR_027,455,52,14:56,OFAV,Sesno,STT,,18.37950879,-64.9636066,,*Tag used for multiple corals,,,,
5/9/2022,IBR_028,424,43,14:59,OANN,Sesno,STT,,18.37945154,-64.96361406,,,,,,
5/9/2022,IBR_029,377,57,15:06,PAST,Sesno,STT,,18.3794937,-64.96377516,,,,,,
5/9/2022,IBR_030,473,11,15:15,PAST,Sesno,STT,,18.37931307,-64.96382888,,,,,,
5/9/2022,IBR_031,473,145,15:18,PSTR,Sesno,STT,,18.37933939,-64.96379795,,*Tag used for multiple corals,,,,
5/9/2022,IBR_032,454,141,15:22,OFAV,Sesno,STT,,18.37936043,-64.96381732,,*Tag used for multiple corals,,,,
5/9/2022,IBR_033,3381,160,11:06,APAL,Erik,STT,,18.37898,-64.96497,,,,,,
5/9/2022,IBR_034,3382,162,11:10,APAL,Erik,STT,,18.37898,-64.96497,,,,,,
5/9/2022,IBR_035,3374,163,11:13,APAL,Erik,STT,,18.37898,-64.96497,,,,,,
5/9/2022,IBR_036,3379,161,11:16,APAL,Erik,STT,,18.37898,-64.96497,,,,,,
5/9/2022,IBR_037,3385,164,11:19,APAL,Erik,STT,,18.37898,-64.96497,,,,,,
5/9/2022,IBR_038,3376,165,11:22,APAL,Erik,STT,,18.37898,-64.96497,,,,,,
5/9/2022,IBR_039,3365,166,11:29,APAL,Erik,STT,,18.37919,-64.96497,,,,,,
5/9/2022,IBR_040,3367,167,11:32,APAL,Erik,STT,,18.37919,-64.96497,,IBR_040 and IBR_041: less than 1 meter apart,,,,
5/9/2022,IBR_041,3372,168,11:34,APAL,Erik,STT,,18.37919,-64.96497,,IBR_040 and IBR_041: less than 1 meter apart,,,,
5/9/2022,IBR_042,G2828,169,11:43,PSTR,Erik,STT,,18.37919,-64.96497,,,,,,
5/9/2022,IBR_043,3364,47,11:47,APAL,Erik,STT,,18.37919,-64.96497,,,,,,
5/9/2022,IBR_044,3371,171,11:52,APAL,Erik,STT,,18.37919,-64.96497,,,,,,
5/9/2022,IBR_045,G2335,45,11:56,PSTR,Erik,STT,,18.37919,-64.96497,,,,,,
5/9/2022,IBR_046,G2341,48,12:05,PSTR,Erik,STT,,18.37904,-64.96462,,,,,,
5/9/2022,IBR_047,G2323,49,12:09,PSTR,Erik,STT,,18.37904,-64.96462,,,,,,
5/9/2022,IBR_048,3361,57,12:19,APAL,Erik,STT,,18.37904,-64.96462,,,,,,
5/9/2022,IBR_049,3356,50,12:22,APAL,Erik,STT,,18.37904,-64.96462,,,,,,
5/9/2022,IBR_050,3359,177,12:25,APAL,Erik,STT,,18.37904,-64.96462,,,,,,
5/9/2022,IBR_051,3351,179,12:28,APAL,Erik,STT,,18.37904,-64.96462,,,,,,
5/9/2022,IBR_052,3352,174,12:33,APAL,Erik,STT,,18.37904,-64.96462,,,,,,
5/9/2022,IBR_053,3350,176,12:38,APAL,Erik,STT,,18.37904,-64.96462,,,,,,
5/9/2022,IBR_054,G2005,175,12:44,PSTR,Erik,STT,,18.37904,-64.96462,,,,,,
5/9/2022,IBR_055,G2331,128,14:19,OANN,Erik,STT,,18.37982713,-64.96367021,,,,,,
5/9/2022,IBR_056,G2333,122,14:23,OANN,Erik,STT,,18.37983082,-64.96369838,,,,,,
5/9/2022,IBR_057,G2007,121,14:28,OFRA,Erik,STT,,18.37976092,-64.96373073,,,,,,
5/9/2022,IBR_058,G2324,129,14:33,OANN,Erik,STT,,18.37971624,-64.96374205,,species? ,,,,
5/9/2022,IBR_059,G2332,127,14:37,OFAV,Erik,STT,,18.37962722,-64.96373199,,species? ,,,,
5/9/2022,IBR_060,G2008,125,14:42,OFRA,Erik,STT,,18.37955841,-64.96365747,,*Tag used for multiple corals,,,,
5/9/2022,IBR_061,G2008,126,14:44,PAST,Erik,STT,,18.37955086,-64.96365555,,*Tag used for multiple corals,,,,
5/9/2022,IBR_062,G2010,123,14:48,OFAV,Erik,STT,,18.37951424,-64.96360836,,*Tag used for multiple corals,,,,
5/9/2022,IBR_063,G2010,124,14:53,OFRA,Erik,STT,,18.37951097,-64.96361112,,*Tag used for multiple corals,,,,
5/9/2022,IBR_064,G2034,120,14:54,OFAV,Erik,STT,,18.37950158,-64.96361783,,,,,,
5/9/2022,IBR_065,G2016,117,14:56,OFAV,Erik,STT,,18.37950879,-64.9636066,,,,,,
5/9/2022,IBR_066,G2325,118,15:03,OFAV,Erik,STT,,18.37950284,-64.96376015,,*Tag used for multiple corals BUT different picture,,,,
5/9/2022,IBR_067,G2325,115,15:06,OANN,Erik,STT,,18.3794937,-64.96377516,,*Tag used for multiple corals BUT different picture,,,,
5/9/2022,IBR_068,G2017,113,15:11,OFAV,Erik,STT,,18.37936755,-64.96381841,,,,,,
5/9/2022,IBR_069,G2018,110,15:16,OANN,Erik,STT,,18.3793015,-64.96382327,,,,,,
5/9/2022,IBR_070,G2019,112,15:18,OFAV,Erik,STT,,18.37933939,-64.96379795,,,,,,
5/9/2022,IBR_071,3275,49,11:07,APAL,KA,STT,,18.37898,-64.96497,,,,,,
5/9/2022,IBR_072,3384,41,11:10,APAL,KA,STT,,18.37898,-64.96497,,,,,,
5/9/2022,IBR_073,3377,42,11:18,APAL,KA,STT,,18.37898,-64.96497,,,,,,
5/9/2022,IBR_074,3369,39,11:24,APAL,KA,STT,,18.37919,-64.96497,,*Could be IBR_005 - same bag #,,,,
5/9/2022,IBR_075,3368,30,11:27,APAL,KA,STT,,18.37919,-64.96497,,,,,,
5/9/2022,IBR_076,317/311?,91,11:34,PSTR,KA,STT,,18.37919,-64.96497,,Close to 3362,,,,
5/9/2022,IBR_077,304,205,11:41,PAST,KA,STT,,18.37919,-64.96497,,Close to 3366,,,,
5/9/2022,IBR_078,3366,34,11:45,APAL,KA,STT,,18.37919,-64.96497,,,,,,
5/9/2022,IBR_079,329,203,11:49,PSTR,KA,STT,,18.37919,-64.96497,,Close to 3370,,,,
5/9/2022,IBR_080,326,201,11:56,PSTR,KA,STT,,18.37919,-64.96497,,Close to 3366,,,,
5/9/2022,IBR_081,317,202,12:08,PSTR,KA,STT,,18.37919,-64.96497,,,,,,
5/9/2022,IBR_082,3353,6,12:20,APAL,KA,STT,,18.37904,-64.96462,,,,,,
5/9/2022,IBR_083,3360,25,12:24,APAL,KA,STT,,18.37904,-64.96462,,,,,,
5/9/2022,IBR_084,3354,45,12:30,APAL,KA,STT,,18.37904,-64.96462,,,,,,
5/9/2022,IBR_085,353,200,12:42,PSTR,KA,STT,,18.37904,-64.96462,,*Tag used for multiple corals,,,,
5/9/2022,IBR_086,353,27,12:45,PAST,KA,STT,,18.37904,-64.96462,,*Tag used for multiple corals,,,,
5/9/2022,IBR_087,341,103,12:59,OFAV,KA,STT,,18.37904,-64.96462,,,,,,
5/9/2022,IBR_088,322,109,13:01,ACER,KA,STT,,18.37904,-64.96462,,*Tag used for multiple corals,,,,
5/9/2022,IBR_089,322,44,13:03,PAST,KA,STT,,18.37904,-64.96462,,*Tag used for multiple corals,,,,
5/9/2022,IBR_090,395,204,13:10,PSTR,KA,STT,,18.37904,-64.96462,,*Tag used for multiple corals,,,,
5/9/2022,IBR_091,395,10,13:11,OFRA,KA,STT,,18.37904,-64.96462,,*Tag used for multiple corals,,,,
5/9/2022,IBR_092,337,89,14:18,PSTR,KA,STT,,18.37983493,-64.96364792,,*Tag used for multiple corals,,,,
5/9/2022,IBR_093,337,77,14:18,OFAV,KA,STT,,18.37983493,-64.96364792,,*Tag used for multiple corals,,,,
5/9/2022,IBR_094,337,17,14:18,OFRA,KA,STT,,18.37983493,-64.96364792,,*Tag used for multiple corals,,,,
5/9/2022,IBR_095,343,48,14:30,OFAV,KA,STT,,18.3797734,-64.96372294,,*Tag used for multiple corals,,,,
5/9/2022,IBR_096,343,12,14:30,PAST,KA,STT,,18.3797734,-64.96372294,,*Tag used for multiple corals,,,,
5/9/2022,IBR_097,343,29,14:30,OFRA,KA,STT,,18.3797734,-64.96372294,,*Tag used for multiple corals,,,,
5/9/2022,IBR_098,302,63,14:34,PSTR,KA,STT,,18.37972227,-64.96373777,,,,,,
5/9/2022,IBR_099,324,68,14:36,PAST,KA,STT,,18.37963058,-64.96371447,,*Tag used for multiple corals,,,,
5/9/2022,IBR_100,324,22,14:36,OFRA,KA,STT,,18.37963058,-64.96371447,,*Tag used for multiple corals,,,,
5/9/2022,IBR_101,393,86,14:43,OFRA,KA,STT,,18.37954969,-64.9636599,,*Tag used for multiple corals,,,,
5/9/2022,IBR_102,393,38,14:43,PAST,KA,STT,,18.37954969,-64.9636599,,*Tag used for multiple corals,,,,
5/9/2022,IBR_103,389,66,14:49,OFAV,KA,STT,,18.37951667,-64.96361774,,*Tag used for multiple corals,,,,
5/9/2022,IBR_104,389,70,14:49,PAST,KA,STT,,18.37951667,-64.96361774,,*Tag used for multiple corals,,,,
5/9/2022,IBR_105,355,72,14:56,ACER,KA,STT,,18.37950879,-64.9636066,,,,,,
5/9/2022,IBR_106,391,81,15:00,PAST,KA,STT,,18.37945908,-64.96362302,,*Tag used for multiple corals,,,,
5/9/2022,IBR_107,391,2,15:00,OFRA,KA,STT,,18.37945908,-64.96362302,,*Tag used for multiple corals,,,,
5/9/2022,IBR_108,375,87,15:08,OFRA,KA,STT,,18.37950518,-64.96376568,,,,,,
5/9/2022,IBR_109,347,65,15:12,OFAV,KA,STT,,18.37935884,-64.96381681,,*Tag used for multiple corals,,,,
5/9/2022,IBR_110,347,18,15:12,PAST,KA,STT,,18.37935884,-64.96381681,,*Tag used for multiple corals,,,,
5/9/2022,IBR_111,396,67,15:22,PSTR,KA,STT,,18.37936043,-64.96381732,,,,,,
5/9/2022,SEA_001,G2394,132,11:32,PSTR,Marilyn,STT,,18.29438,-64.86793,,,,,,
5/9/2022,SEA_002,G2802,139,11:42,PAST,Marilyn,STT,,18.29438,-64.86793,,,,,,
5/9/2022,SEA_003,G2807,137,14:02,OANN,Marilyn,STT,,18.29438,-64.86793,,,,,,
5/9/2022,SEA_004,G2811,134,14:05,OFRA,Marilyn,STT,,18.29438,-64.86793,,,,,,
5/9/2022,SEA_005,G2804,152,14:10,PAST,Marilyn,STT,,18.29438,-64.86793,,,,,,
5/9/2022,SEA_006,G2805,136,14:12,OFRA,Marilyn,STT,,18.29438,-64.86793,,,,,,
5/9/2022,SEA_007,G2812,131,14:17,OFRA,Marilyn,STT,,18.29438,-64.86793,,ofav?,,,,
5/9/2022,SEA_008,G2813,146,14:19,PAST,Marilyn,STT,,18.29438,-64.86793,,,,,,
5/9/2022,SEA_009,G2814,138,14:22,OFRA,Marilyn,STT,,18.29438,-64.86793,,,,,,
5/11/2022,MEG_034,468,213,15:17,OANN,Sesno,STT,,18.37155,-64.928,,,,,,
5/11/2022,MEG_035,460,210,15:22,OANN,Sesno,STT,,18.37155,-64.928,,"*Tag used for multiple corals, CHECK PHOTO FOR ID",,,,
5/11/2022,MEG_036,460,200,15:23,PAST,Sesno,STT,,18.37155,-64.928,,*Tag used for multiple corals,,,,
5/11/2022,MEG_037,441,201,15:33,PAST,Sesno,STT,,18.37155,-64.928,,*Tag used for multiple corals,,,,
5/11/2022,MEG_038,441,202,15:33,OANN,Sesno,STT,,18.37155,-64.928,,*Tag used for multiple corals,,,,
5/11/2022,MEG_039,493,205,15:37,OFRA,Sesno,STT,,18.37155,-64.928,,*Tag used for multiple corals,,,,
5/11/2022,MEG_040,493,219,15:40,PAST,Sesno,STT,,18.37155,-64.928,,*Tag used for multiple corals,,,,
5/11/2022,MEG_041,467,218,15:45,OFRA,Sesno,STT,,18.37155,-64.928,,*Tag used for multiple corals,,,,
5/11/2022,MEG_042,467,232,15:48,OANN,Sesno,STT,,18.37155,-64.928,,*Tag used for multiple corals,,,,
5/11/2022,MEG_043,431,209,15:56,PSTR,Sesno,STT,,18.37155,-64.928,,"*Tag used for multiple corals, close to 422",,,,
5/11/2022,MEG_044,431,217,15:58,PAST,Sesno,STT,,18.37155,-64.928,,*Tag used for multiple corals,,,,
5/11/2022,MEG_045,416,230,16:06,OFRA,Sesno,STT,,18.37155,-64.928,,,,,,
5/11/2022,MEG_046,401,203,16:13,OFAV,Sesno,STT,,18.37155,-64.928,,,,,,
5/11/2022,MEG_047,405,216,16:17,OFRA,Sesno,STT,,18.37155,-64.928,,,,,,
5/11/2022,MEG_048,404,101,16:29,PSTR,Sesno,STT,,18.37155,-64.928,,,,,,
5/11/2022,MEG_049,413,106,16:51,OFAV,Sesno,STT,,18.37155,-64.928,,,,,,
5/11/2022,MEG_050,435,108,16:54,OFAV,Sesno,STT,,18.37155,-64.928,,,,,,
5/11/2022,MEG_051,421,107,16:58,OFAV,Sesno,STT,,18.37155,-64.928,,,,,,
5/11/2022,MEG_052,444,222,17:08,PSTR,Sesno,STT,,18.37155,-64.928,,,,,,
5/11/2022,MEG_053,334,197,15:18,PAST,KA,STT,,18.37155,-64.928,,,,,,
5/11/2022,MEG_054,335,193,15:23,OANN,KA,STT,,18.37155,-64.928,,*Tag used for multiple corals,,,,
5/11/2022,MEG_055,335,100,15:23,PAST,KA,STT,,18.37155,-64.928,,*Tag used for multiple corals,,,,
5/11/2022,MEG_056,382,195,15:31,OANN,KA,STT,,18.37155,-64.928,,*Tag used for multiple corals,,,,
5/11/2022,MEG_057,382,102,15:31,PAST,KA,STT,,18.37155,-64.928,,*Tag used for multiple corals,,,,
5/11/2022,MEG_058,371,194,15:37,PSTR,KA,STT,,18.37155,-64.928,,*Tag used for multiple corals,,,,
5/11/2022,MEG_059,371,103,15:37,PAST,KA,STT,,18.37155,-64.928,,*Tag used for multiple corals,,,,
5/11/2022,MEG_060,371,109,15:37,OANN,KA,STT,,18.37155,-64.928,,*Tag used for multiple corals,,,,
5/11/2022,MEG_061,321,199,15:45,PSTR,KA,STT,,18.37155,-64.928,,,,,,
5/11/2022,MEG_062,394,198,15:51,PSTR,KA,STT,,18.37155,-64.928,,,,,,
5/11/2022,MEG_063,423,225,15:56,PSTR,KA,STT,,18.37155,-64.928,,*Tag used for multiple corals,,,,
5/11/2022,MEG_064,423,104,15:56,PAST,KA,STT,,18.37155,-64.928,,*Tag used for multiple corals,,,,
5/11/2022,MEG_065,358,196,16:00,PSTR,KA,STT,,18.37155,-64.928,,,,,,
5/11/2022,MEG_066,310,191,16:06,PSTR,KA,STT,,18.37155,-64.928,,*Tag used for multiple corals,,,,
5/11/2022,MEG_067,310,195,16:06,PAST,KA,STT,,18.37155,-64.928,,*Tag used for multiple corals,,,,
5/11/2022,MEG_068,381,189,16:13,OFRA,KA,STT,,18.37155,-64.928,,,,,,
5/11/2022,MEG_069,379,190,16:17,OFRA,KA,STT,,18.37155,-64.928,,,,,,
5/11/2022,MEG_070,325,192,16:53,OFAV,KA,STT,,18.37155,-64.928,,,,,,
5/13/2022,COK_001,436,194,13:58,OFRA,KA,STT,,18.35069,-64.86493,,*disease?,,,,
5/13/2022,COK_002,458,193,14:03,OFRA,KA,STT,,18.35069,-64.86493,,*Tag used for multiple corals,,,,
5/13/2022,COK_003,458,109,14:03,PSTR,KA,STT,,18.35069,-64.86493,,*Tag used for multiple corals,,,,
5/13/2022,COK_004,466,192,14:10,OFRA,KA,STT,,18.35072,-64.86493,,*Tag used for multiple corals,,,,
5/13/2022,COK_005,466,203,14:10,PAST,KA,STT,,18.35072,-64.86493,,*Tag used for multiple corals,,,,
5/13/2022,COK_006,485,191,14:16,OFRA,KA,STT,,18.35072,-64.86488,,*Tag used for multiple corals,,,,
5/13/2022,COK_007,485,105,14:16,PAST,KA,STT,,18.35072,-64.86488,,*Tag used for multiple corals,,,,
5/13/2022,COK_008,212,107,14:20,PSTR,KA,STT,,18.35072,-64.86488,,*Logan's tag,,,,
5/13/2022,COK_009,463,199,14:25,PSTR,KA,STT,,18.35072,-64.86488,,*Tag used for multiple corals,,,,
5/13/2022,COK_010,463,205,14:25,OFRA,KA,STT,,18.35072,-64.86488,,*Tag used for multiple corals,,,,
5/13/2022,COK_011,463,101,14:25,PAST,KA,STT,,18.35072,-64.86488,,*Tag used for multiple corals,,,,
5/13/2022,COK_012,479,190,14:34,OANN,KA,STT,,18.35073,-64.86482,,*Tag used for multiple corals,,,,
5/13/2022,COK_013,479,104,14:34,OFRA,KA,STT,,18.35073,-64.86482,,"*Tag used for multiple corals, species? maybe ofav",,,,
5/13/2022,COK_014,478,197,14:40,OFRA,KA,STT,,18.35073,-64.86482,,*Tag used for multiple corals,,,,
5/13/2022,COK_015,478,106,14:40,PAST,KA,STT,,18.35073,-64.86482,,*Tag used for multiple corals,,,,
5/13/2022,COK_016,447,196,14:47,OANN,KA,STT,,18.35073,-64.86482,,,,,,
5/13/2022,COK_017,406,198,14:51,OANN,KA,STT,,18.35073,-64.86482,,,,,,
5/13/2022,COK_018,403,122,13:59,OFRA,Sesno,STT,,18.35072,-64.86493,,,,,,
5/13/2022,COK_019,437,123,14:05,OFRA,Sesno,STT,,18.35072,-64.86493,,2 Meters or more near their tag #047,,,,
5/13/2022,COK_020,453,124,14:10,OANN,Sesno,STT,,18.35072,-64.86493,,*Tag used for multiple corals,,,,
5/13/2022,COK_021,453,125,14:10,PAST,Sesno,STT,,18.35072,-64.86493,,*Tag used for multiple corals,,,,
5/13/2022,COK_022,453,126,14:10,OFRA,Sesno,STT,,18.35072,-64.86493,,"*Tag used for multiple corals, species? maybe ofav",,,,
5/13/2022,COK_023,432,127,14:20,OANN,Sesno,STT,,18.35077,-64.86415,,*Tag used for multiple corals,,,,
5/13/2022,COK_024,432,128,14:22,PAST,Sesno,STT,,18.35077,-64.86415,,*Tag used for multiple corals,,,,
5/13/2022,COK_025,432,129,14:23,OFRA,Sesno,STT,,18.35077,-64.86415,,"*Tag used for multiple corals, species? maybe ofav",,,,
5/13/2022,COK_026,459,130,14:27,OFAV,Sesno,STT,,18.35077,-64.86416,,,,,,
5/13/2022,COK_027,418,131,14:30,PSTR,Sesno,STT,,18.35077,-64.86416,,*Tag used for multiple corals,,,,
5/13/2022,COK_028,418,132,14:30,PAST,Sesno,STT,,18.35077,-64.86416,,*Tag used for multiple corals,,,,
5/13/2022,COK_029,414,133,14:44,OANN,Sesno,STT,,18.35077,-64.86416,,*Tag used for multiple corals,,,,
5/13/2022,COK_030,414,133B,14:44,OFAV,Sesno,STT,,18.35077,-64.86416,,*Tag used for multiple corals,,,,
5/13/2022,COK_031,414,111,14:44,PSTR,Sesno,STT,,18.35077,-64.86416,,*Tag used for multiple corals,,,,
5/13/2022,COK_032,414,110,14:44,PAST,Sesno,STT,,18.35077,-64.86416,,*Tag used for multiple corals,,,,
5/13/2022,COK_033,G2050,159,14:02,OFRA,Logan,STT,,18.35063,-64.8651,,,,,,
5/13/2022,COK_034,G2049,158,14:09,OFRA,Logan,STT,,18.35078,-64.86418,,,,,,
5/13/2022,COK_035,G2048,157,14:14,OFRA,Logan,STT,,18.35072,-64.86488,,,,,,
5/13/2022,COK_036,G2040,156,14:25,PSTR,Logan,STT,,18.35075,-64.86483,,,,,,
5/13/2022,COK_037,G2047,155,14:28,PSTR,Logan,STT,,18.35071,-64.86479,,,,,,
5/13/2022,COK_038,G2046,136,,OFAV,Logan,STT,,18.3507,-64.86472,,see photo for time,,,,
5/14/2022,BLP_001,439,229,9:35,OANN,KA,STT,,18.34445,-64.9853,,*Tag used for multiple corals,,,,
5/14/2022,BLP_002,439,100,9:35,PAST,KA,STT,,18.34445,-64.9853,,*Tag used for multiple corals,,,,
5/14/2022,BLP_003,402,122,9:41,OANN,KA,STT,,18.34449,-64.9853,,*Tag used for multiple corals,,,,
5/14/2022,BLP_004,402,202,9:41,PAST,KA,STT,,18.34449,-64.9853,,*Tag used for multiple corals,,,,
5/14/2022,BLP_005,408,224,9:46,OANN,KA,STT,,18.34442,-64.9854,,*Tag used for multiple corals,,,,
5/14/2022,BLP_006,408,222,9:46,PAST,KA,STT,,18.34442,-64.9854,,*Tag used for multiple corals,,,,
5/14/2022,BLP_007,408,103,9:46,OFRA,KA,STT,,18.34442,-64.9854,,*Tag used for multiple corals,,,,
5/14/2022,BLP_008,407,127,9:54,OFRA,KA,STT,,18.34442,-64.9855,,*Tag used for multiple corals,,,,
5/14/2022,BLP_009,407,216,9:54,PAST,KA,STT,,18.34442,-64.9855,,*Tag used for multiple corals,,,,
5/14/2022,BLP_010,487,131,9:59,OFRA,KA,STT,,18.34446,-64.9856,,*Tag used for multiple corals,,,,
5/14/2022,BLP_011,487,201,9:59,PAST,KA,STT,,18.34446,-64.9856,,*Tag used for multiple corals,,,,
5/14/2022,BLP_012,469,136,10:02,OANN,KA,STT,,18.34451,-64.9856,,*Tag used for multiple corals,,,,
5/14/2022,BLP_013,469,209,10:02,PAST,KA,STT,,18.34451,-64.9856,,*Tag used for multiple corals,,,,
5/14/2022,BLP_014,440,129,10:10,OFRA,KA,STT,,18.34461,-64.9855,,*Tag used for multiple corals,,,,
5/14/2022,BLP_015,440,232,10:10,OANN,KA,STT,,18.34461,-64.9855,,*Tag used for multiple corals,,,,
5/14/2022,BLP_016,440,108,10:10,PAST,KA,STT,,18.34461,-64.9855,,*Tag used for multiple corals,,,,
5/14/2022,BLP_017,486,111,10:17,OFRA,KA,STT,,18.34457,-64.9854,,*Tag used for multiple corals,,,,
5/14/2022,BLP_018,486,189,10:17,PAST,KA,STT,,18.34457,-64.9854,,*Tag used for multiple corals,,,,
5/14/2022,BLP_019,486,102,10:17,OANN,KA,STT,,18.34457,-64.9854,,*Tag used for multiple corals,,,,
5/14/2022,BLP_020,412,132,10:26,OFRA,KA,STT,,18.34459,-64.9854,,*Tag used for multiple corals,,,,
5/14/2022,BLP_021,412,217,10:26,PAST,KA,STT,,18.34459,-64.9854,,*Tag used for multiple corals,,,,
5/14/2022,BLP_022,464,128,10:35,OANN,KA,STT,,18.34471,-64.9853,,*Tag used for multiple corals,,,,
5/14/2022,BLP_023,464,133B,10:35,PAST,KA,STT,,18.34471,-64.9853,,*Tag used for multiple corals,,,,
5/14/2022,BLP_024,422,227,10:39,PSTR,KA,STT,,18.34472,-64.9853,,MAYBE WRONG SPECIES,,,,
5/14/2022,BLP_025,442,195,10:43,PSTR,KA,STT,,18.34474,-64.9853,,,,,,
5/14/2022,BLP_026,472,124,10:46,OFRA,KA,STT,,18.34472,-64.9853,,,,,,
5/14/2022,BLP_027,327,187,10:51,OFRA,KA,STT,,18.34461,-64.9852,,,,,,
5/14/2022,BLP_028,477,220,10:55,OANN,KA,STT,,18.3446,-64.9852,,,,,,
5/14/2022,BLP_029,492,154,9:29,OFRA,Sesno,STT,,18.34442,-64.9852,,*Tag used for multiple corals,,,,
5/14/2022,BLP_030,492,153,9:31,PAST,Sesno,STT,,18.34442,-64.9852,,*Tag used for multiple corals,,,,
5/14/2022,BLP_031,494,152,9:34,OFRA,Sesno,STT,,18.34445,-64.9853,,*Tag used for multiple corals,,,,
5/14/2022,BLP_032,494,151,9:36,PAST,Sesno,STT,,18.34444,-64.9853,,*Tag used for multiple corals,,,,
5/14/2022,BLP_033,495,150,9:40,OANN,Sesno,STT,,18.3445,-64.9853,,*Tag used for multiple corals,,,,
5/14/2022,BLP_034,495,149,9:43,PAST,Sesno,STT,,18.3445,-64.9854,,*Tag used for multiple corals,,,,
5/14/2022,BLP_035,484,148,9:46,PSTR,Sesno,STT,,18.34442,-64.9854,,A bit pale and unhappy looking;*Tag used for multiple corals,,,,
5/14/2022,BLP_036,484,147,9:49,PAST,Sesno,STT,,18.34442,-64.9854,,*Tag used for multiple corals,,,,
5/14/2022,BLP_037,484,145,9:51,OFRA,Sesno,STT,,18.34443,-64.9854,,*Tag used for multiple corals,,,,
5/14/2022,BLP_038,417,146,9:55,OANN,Sesno,STT,,18.34443,-64.9855,,*Tag used for multiple corals,,,,
5/14/2022,BLP_039,417,143,9:57,OFRA,Sesno,STT,,18.34442,-64.9855,,*Tag used for multiple corals,,,,
5/14/2022,BLP_040,417,144,9:59,PAST,Sesno,STT,,18.34446,-64.9856,,*Tag used for multiple corals,,,,
5/14/2022,BLP_041,483,142,10:03,PSTR,Sesno,STT,,18.34451,-64.9856,,*Tag used for multiple corals,,,,
5/14/2022,BLP_042,483,141,10:05,OFRA,Sesno,STT,,18.34451,-64.9856,,*Tag used for multiple corals,,,,
5/14/2022,BLP_043,483,140,10:08,PAST,Sesno,STT,,18.34455,-64.9856,,*Tag used for multiple corals,,,,
5/14/2022,BLP_044,491,139,10:11,OANN,Sesno,STT,,18.34461,-64.9855,,*Tag used for multiple corals,,,,
5/14/2022,BLP_045,491,138,10:14,OFRA,Sesno,STT,,18.34461,-64.9855,,*Tag used for multiple corals,,,,
5/14/2022,BLP_046,491,137,10:18,PAST,Sesno,STT,,18.34458,-64.9854,,*Tag used for multiple corals,,,,
5/14/2022,BLP_047,452,135,10:22,PSTR,Sesno,STT,,18.34459,-64.9855,,*Tag used for multiple corals,,,,
5/14/2022,BLP_048,452,210,10:26,OFAV,Sesno,STT,,18.34459,-64.9854,,*Tag used for multiple corals,,,,
5/14/2022,BLP_049,320,200,10:30,PSTR,Sesno,STT,,18.34463,-64.9853,,*Tag used for multiple corals,,,,
5/14/2022,BLP_050,320,219,10:33,PAST,Sesno,STT,,18.34471,-64.9853,,*Tag used for multiple corals,,,,
5/14/2022,BLP_051,320,213,10:35,OFRA,Sesno,STT,,18.34471,-64.9853,,*Tag used for multiple corals,,,,
5/14/2022,BLP_052,420,218,10:38,PSTR,Sesno,STT,,18.34472,-64.9853,,*Tag used for multiple corals,,,,
5/14/2022,BLP_053,420,228,10:40,PAST,Sesno,STT,,18.34472,-64.9853,,*Tag used for multiple corals,,,,
5/14/2022,BLP_054,443,221,10:45,OFAV,Sesno,STT,,18.34471,-64.9853,,*Tag used for multiple corals,,,,
5/14/2022,BLP_055,443,223,10:50,PAST,Sesno,STT,,18.3446,-64.9852,,*Tag used for multiple corals,,,,
5/16/2022,BUK_001,123,143,10:04,OFRA,Sesno,STT,,18.27832,-64.8989,,,,,,
5/16/2022,BUK_002,139,151,10:08,OANN,Sesno,STT,,18.27854,-64.899,,,,,,
5/16/2022,BUK_003,376,147,10:15,OFRA,Sesno,STT,,18.27862,-64.8988,,,,,,
5/16/2022,BUK_004,451,142,10:19,OFRA,Sesno,STT,,18.27861,-64.8989,,*Tag used for multiple corals,,,,
5/16/2022,BUK_005,451,138,10:19,OANN,Sesno,STT,,18.27861,-64.8989,,*Tag used for multiple corals,,,,
5/16/2022,BUK_006,461,144,10:25,OFRA,Sesno,STT,,18.27865,-64.8988,,*Tag used for multiple corals,,,,
5/16/2022,BUK_007,461,221,10:25,OANN,Sesno,STT,,18.27865,-64.8988,,*Tag used for multiple corals,,,,
5/16/2022,BUK_008,122,149,10:31,OFRA,Sesno,STT,,18.27858,-64.8988,,,,,,
5/16/2022,BUK_009,138,141,10:34,OFRA,Sesno,STT,,18.27865,-64.8986,,,,,,
5/16/2022,BUK_010,136,148,10:37,OFRA,Sesno,STT,,18.27869,-64.8985,,*Tag used for multiple corals,,,,
5/16/2022,BUK_011,136,150,10:37,OANN,Sesno,STT,,18.27869,-64.8985,,*Tag used for multiple corals,,,,
5/16/2022,BUK_012,121,153,10:42,OFRA,Sesno,STT,,18.27874,-64.8984,,*Tag used for multiple corals,,,,
5/16/2022,BUK_013,121,210,10:42,OANN,Sesno,STT,,18.27874,-64.8984,,*Tag used for multiple corals,,,,
5/16/2022,BUK_014,125,146,10:55,OANN,Sesno,STT,,18.27866,-64.8985,,,,,,
5/16/2022,BUK_015,124,135,11:03,OANN,Sesno,STT,,18.27845,-64.8988,,,,,,
5/16/2022,BUK_016,140,218,11:09,OANN,Sesno,STT,,18.27841,-64.899,,,,,,
5/16/2022,BUK_017,312,154,12:29,PSTR,Sesno,STT,,18.27805,-64.8986,,,,,,
5/16/2022,BUK_018,346,152,12:33,PSTR,Sesno,STT,,18.27783,-64.8986,,,,,,
5/16/2022,BUK_019,345,213,12:36,PSTR,Sesno,STT,,18.27782,-64.8986,,,,,,
5/16/2022,BUK_020,314,219,12:43,na,Sesno,STT,,18.27783,-64.8984,,PSTR's that fled the nest (aka lost out of bag before processing),,,,
5/16/2022,BUK_021,330,411,12:55,na,Sesno,STT,,18.27775,-64.898,,PSTR's that fled the nest (aka lost out of bag before processing),,,,
5/16/2022,BUK_022,365,126,13:03,PSTR,Sesno,STT,,18.27782,-64.8979,,*Tag used for multiple corals,,,,
5/16/2022,BUK_023,365,418,13:03,PAST,Sesno,STT,,18.27782,-64.8979,,*Tag used for multiple corals,,,,
5/16/2022,BUK_024,330,123,13:07,PAST,Sesno,STT,,18.27779,-64.8979,,,,,,
5/16/2022,BUK_025,378,133,13:11,PSTR,Sesno,STT,,18.27786,-64.8978,,,,,,
5/16/2022,BUK_026,410,130,13:16,PAST,Sesno,STT,,18.27791,-64.8978,,,,,,
5/16/2022,BUK_027,419,110,13:22,ACER,Sesno,STT,,18.27774,-64.898,,Close to tag 346;*Tag used for multiple corals,,,,
5/16/2022,BUK_028,419,125,13:24,PAST,Sesno,STT,,18.27779,-64.8982,,*Tag used for multiple corals,,,,
5/16/2022,BUK_029,144,419,13:28,PAST,Sesno,STT,,18.27787,-64.8985,,,,,,
5/16/2022,BUK_030,434,414,13:32,PSTR,Sesno,STT,,18.27784,-64.8986,,,,,,
5/16/2022,BUK_031,430,416,13:45,PSTR,Sesno,STT,,18.27795,-64.8989,,,,,,
5/16/2022,BUK_032,127,417,13:53,PAST,Sesno,STT,,18.27787,-64.899,,,,,,
5/16/2022,BUK_033,367,413,13:56,PAST,Sesno,STT,,18.2779,-64.899,,,,,,
5/16/2022,BUK_034,438,419,13:59,ACER,Sesno,STT,,18.27774,-64.8991,,,,,,
5/16/2022,BUK_035,153,229,10:09,OANN,KA,STT,,18.27855,-64.899,,*Tag used for multiple corals,,,,
5/16/2022,BUK_036,153,505,10:09,OFRA,KA,STT,,18.27855,-64.899,,*Tag used for multiple corals,,,,
5/16/2022,BUK_037,154,111,10:16,OANN,KA,STT,,18.27861,-64.8988,,*Tag used for multiple corals,,,,
5/16/2022,BUK_038,154,507,10:16,OFRA,KA,STT,,18.27861,-64.8988,,*Tag used for multiple corals,,,,
5/16/2022,BUK_039,159,132,10:24,OANN,KA,STT,,18.27867,-64.8988,,*Tag used for multiple corals,,,,
5/16/2022,BUK_040,159,508,10:24,OFRA,KA,STT,,18.27867,-64.8988,,*Tag used for multiple corals,,,,
5/16/2022,BUK_041,157,222,10:30,OFRA,KA,STT,,18.27858,-64.8988,,,,,,
5/16/2022,BUK_042,151,201,10:35,OFRA,KA,STT,,18.27867,-64.8986,,,,,,
5/16/2022,BUK_043,155,103,10:40,OANN,KA,STT,,18.27874,-64.8985,,,,,,
5/16/2022,BUK_044,156,122,10:44,OFRA,KA,STT,,18.27875,-64.8984,,,,,,
5/16/2022,BUK_045,158,127,10:52,OFRA,KA,STT,,18.27869,-64.8985,,,,,,
5/16/2022,BUK_046,142,209,10:55,OFRA,KA,STT,,18.27866,-64.8985,,,,,,
5/16/2022,BUK_047,141,202,11:00,OANN,KA,STT,,18.27845,-64.8987,,,,,,
5/16/2022,BUK_048,143,128,11:04,OANN,KA,STT,,18.27844,-64.8988,,,,,,
5/16/2022,BUK_049,145,129,11:07,OANN,KA,STT,,18.27839,-64.8989,,,,,,
5/16/2022,BUK_050,160,200,11:11,OANN,KA,STT,,18.27835,-64.899,,,,,,
5/16/2022,BUK_051,144,140,12:34,PSTR,KA,STT,,18.27782,-64.8986,,*Tag used for multiple corals,,,,
5/16/2022,BUK_052,144,504,12:34,PAST,KA,STT,,18.27782,-64.8986,,*Tag used for multiple corals,,,,
5/16/2022,BUK_053,146,108,12:40,PSTR,KA,STT,,18.27778,-64.8987,,,,,,
5/16/2022,BUK_054,147,137,12:46,PSTR,KA,STT,,18.27784,-64.8983,,,,,,
5/16/2022,BUK_055,158,228,12:52,PSTR,KA,STT,,18.2778,-64.8982,,,,,,
5/16/2022,BUK_056,379,509,13:03,PSTR,KA,STT,,18.27782,-64.8979,,,,,,
5/16/2022,BUK_057,387,401,13:09,ACER,KA,STT,,18.27778,-64.8979,,,,,,
5/16/2022,BUK_058,369,400,13:12,ACER,KA,STT,,18.27789,-64.8979,,,,,,
5/16/2022,BUK_059,318,407,13:21,ACER,KA,STT,,18.27774,-64.898,,,,,,
5/16/2022,BUK_060,368,406,13:26,ACER,KA,STT,,18.27785,-64.8984,,,,,,
5/16/2022,BUK_061,339,405,13:29,ACER,KA,STT,,18.27787,-64.8985,,,,,,
5/16/2022,BUK_062,313,408,13:32,ACER,KA,STT,,18.27784,-64.8986,,,,,,
5/16/2022,BUK_063,316,500,13:38,PSTR,KA,STT,,18.27791,-64.8989,,,,,,
5/16/2022,BUK_064,356,501,13:42,PSTR,KA,STT,,18.27789,-64.8989,,,,,,
5/16/2022,BUK_065,363,409,14:03,PAST,KA,STT,,18.27788,-64.8991,,,,,,
5/18/2022,BUK_066,G2899,116,NA,PSTR,Marilyn,STT,,18.27861,-64.8988,,47 ft;west of TCRMP transect 6,,,,
5/18/2022,BUK_067,G2484,303,NA,PAST,Marilyn,STT,,18.27861,-64.8988,,35 ft;OANN patch between mooring and reef edge,,,,
5/18/2022,BUK_068,G2037,404,NA,PAST,Marilyn,STT,,18.27861,-64.8988,,40 ft;Top of reef near TCRMP transect 6,,,,
5/18/2022,BUK_069,G1293,304,NA,PAST,Marilyn,STT,,18.27861,-64.8988,,20 ft;shallow area near mooring,,,,
5/18/2022,BUK_070,G2892,305,NA,PAST,Marilyn,STT,,18.27861,-64.8988,,20 ft;OANN patch near mooring,,,,
5/18/2022,BUK_071,G2485,402,NA,PAST,Marilyn,STT,,18.27861,-64.8988,,20 ft;OANN patch near mooring,,,,
5/18/2022,BUK_072,G2491,503,NA,PAST,Marilyn,STT,,18.27861,-64.8988,,35 ft;Near top of reef,,,,
5/18/2022,BUK_073,G2038,307,NA,PAST,Marilyn,STT,,18.27861,-64.8988,,40 ft;Top of reef near TCRMP transect 6,,,,
5/18/2022,BUK_074,G1294,301,NA,PSTR,Marilyn,STT,,18.27861,-64.8988,,47 ft;west of TCRMP transect 6,,,,
5/17/2022,FLR_001,G1251,507,9:35,OFRA,Sesno,STT,,18.31787,-64.9907,,,,,,
5/17/2022,FLR_002,G1252,508,9:42,OFAV,Sesno,STT,,18.3182,-64.9908,,species... maybe ofra,,,,
5/17/2022,FLR_003,G1252,504,9:42,OFRA,Sesno,STT,,18.3182,-64.9908,,,,,,
5/17/2022,FLR_004,G1253,229,9:50,OANN,Sesno,STT,,18.31821,-64.9908,,,,,,
5/17/2022,FLR_005,G1253,228,9:50,OFRA,Sesno,STT,,18.31821,-64.9908,,,,,,
5/17/2022,FLR_006,G1253,137,9:50,PSTR,Sesno,STT,,18.31821,-64.9908,,,,,,
5/17/2022,FLR_007,G1254,108,10:00,OFRA,Sesno,STT,,18.31834,-64.9906,,,,,,
5/17/2022,FLR_008,G1255,501,10:04,OFRA,Sesno,STT,,18.31834,-64.9907,,,,,,
5/17/2022,FLR_009,G1261,400,10:08,OFAV,Sesno,STT,,18.31835,-64.9907,,,,,,
5/17/2022,FLR_010,G1261,509,10:08,OFRA,Sesno,STT,,18.31835,-64.9907,,,,,,
5/17/2022,FLR_011,G1262,103,10:15,OFRA,Sesno,STT,,18.3184,-64.9906,,,,,,
5/17/2022,FLR_012,G1265,226,10:19,OFAV,Sesno,STT,,18.3184,-64.9906,,species... maybe ofra,,,,
5/17/2022,FLR_013,G1263,505,10:32,OFRA,Sesno,STT,,18.31849,-64.9904,,,,,,
5/17/2022,FLR_014,G1264,122,10:40,OANN,Sesno,STT,,18.31831,-64.9906,,,,,,
5/17/2022,FLR_015,G1264,201,10:40,OFRA,Sesno,STT,,18.31831,-64.9906,,,,,,
5/17/2022,FLR_016,G1271,222,10:45,PSTR,Sesno,STT,,18.31821,-64.9907,,,,,,
5/17/2022,FLR_017,G1271,111,10:45,OFRA,Sesno,STT,,18.31821,-64.9907,,,,,,
5/17/2022,FLR_018,G1272,132,12:06,OFAV,Sesno,STT,,18.31783,-64.9909,,,,,,
5/17/2022,FLR_019,G1273,202,12:10,OFAV,Sesno,STT,,18.3177,-64.9908,,,,,,
5/17/2022,FLR_020,G1274,129,12:15,OFAV,Sesno,STT,,18.31768,-64.9908,,,,,,
5/17/2022,FLR_021,G1275,217,12:20,OFAV,Sesno,STT,,18.31769,-64.9908,,,,,,
5/17/2022,FLR_022,G1275,133B,12:20,OANN,Sesno,STT,,18.31769,-64.9908,,,,,,
5/17/2022,FLR_023,G1930,216,12:25,OFAV,Sesno,STT,,18.31772,-64.9906,,,,,,
5/17/2022,FLR_024,G1285,102,12:32,PSTR,Sesno,STT,,18.31776,-64.9905,,,,,,
5/17/2022,FLR_025,G1284,232,12:37,PSTR,Sesno,STT,,18.31765,-64.9905,,,,,,
5/17/2022,FLR_026,G1281,131,12:42,PSTR,Sesno,STT,,18.31777,-64.9904,,,,,,
5/17/2022,FLR_027,G1282,187,12:48,OFAV,Sesno,STT,,18.31775,-64.9904,,,,,,
5/17/2022,FLR_028,G1283,500,12:52,OFAV,Sesno,STT,,18.3177,-64.9904,,,,,,
5/17/2022,FLR_029,G1291,401,13:01,PSTR,Sesno,STT,,18.31772,-64.9902,,Shallow: 7ft,,,,
5/17/2022,FLR_030,G1292,407,13:16,PSTR,Sesno,STT,,18.31756,-64.9903,,Shallow: 14ft,,,,
5/17/2022,FLR_031,G1906,403,9:47,OANN,KA,STT,,18.31822,-64.9908,,,,,,
5/17/2022,FLR_032,G1906,402,9:47,OFAV,KA,STT,,18.31822,-64.9908,,,,,,
5/17/2022,FLR_033,G1906,502,9:47,OFRA,KA,STT,,18.31822,-64.9908,,,,,,
5/17/2022,FLR_034,G1907,301,9:58,OANN,KA,STT,,18.31834,-64.9906,,,,,,
5/17/2022,FLR_035,G1907,404,9:58,OFRA,KA,STT,,18.31834,-64.9906,,,,,,
5/17/2022,FLR_036,G1908,506,10:05,PSTR,KA,STT,,18.31835,-64.9907,,,,,,
5/17/2022,FLR_037,G1908,303,10:05,OFRA,KA,STT,,18.31835,-64.9907,,,,,,
5/17/2022,FLR_038,G1909,503,10:10,OANN,KA,STT,,18.31839,-64.9906,,,,,,
5/17/2022,FLR_039,G1909,308,10:10,OFRA,KA,STT,,18.31839,-64.9906,,,,,,
5/17/2022,FLR_040,G1916,309,10:15,OFAV,KA,STT,,18.3184,-64.9906,,,,,,
5/17/2022,FLR_041,G1916,306,10:15,PSTR,KA,STT,,18.3184,-64.9906,,,,,,
5/17/2022,FLR_042,G1916,121,10:15,OFRA,KA,STT,,18.3184,-64.9906,,,,,,
5/17/2022,FLR_043,G1910,305,10:24,OFAV,KA,STT,,18.31847,-64.9905,,,,,,
5/17/2022,FLR_044,G1917,307,10:29,OFAV,KA,STT,,18.3185,-64.9904,,,,,,
5/17/2022,FLR_045,G1917,304,10:29,OFRA,KA,STT,,18.3185,-64.9904,,,,,,
5/17/2022,FLR_046,G1918,302,10:36,OANN,KA,STT,,18.31841,-64.9904,,,,,,
5/17/2022,FLR_047,G1919,300,10:40,OFAV,KA,STT,,18.31831,-64.9906,,,,,,
5/17/2022,FLR_048,G1919,120,10:40,OFRA,KA,STT,,18.31831,-64.9906,,,,,,
5/17/2022,FLR_049,G1253,119,10:43,OANN,KA,STT,,18.31829,-64.9907,,,,,,
5/17/2022,FLR_050,G1920,118,10:50,OANN,KA,STT,,18.31813,-64.9909,,,,,,
5/17/2022,FLR_051,G1920,,10:50,OFAV,KA,STT,,18.31813,-64.9909,,,,,,
5/17/2022,FLR_052,G1926,117,10:56,OANN,KA,STT,,18.31812,-64.9909,,,,,,
5/17/2022,FLR_053,G1926,116,10:56,OFRA,KA,STT,,18.31812,-64.9909,,,,,,
5/17/2022,FLR_054,G1927,114,11:03,PSTR,KA,STT,,18.31773,-64.9909,,,,,,
5/17/2022,FLR_055,G1928,203,12:13,OANN,KA,STT,,18.31767,-64.9908,,,,,,
5/17/2022,FLR_056,G1928,105,12:13,OFAV,KA,STT,,18.31767,-64.9908,,,,,,
5/17/2022,FLR_057,G1929,115,12:21,OANN,KA,STT,,18.31769,-64.9908,,,,,,
5/17/2022,FLR_058,G1930,112,12:24,OANN,KA,STT,,18.31772,-64.9907,,,,,,
5/17/2022,FLR_059,G1936,601,12:29,OANN,KA,STT,,18.31776,-64.9906,,,,,,
5/17/2022,FLR_060,G1939,600,12:36,PSTR,KA,STT,,18.31765,-64.9905,,,,,,
5/17/2022,FLR_061,G1937,602,12:40,OANN,KA,STT,,18.31772,-64.9905,,,,,,
5/17/2022,FLR_062,G1938,612,12:44,OANN,KA,STT,,18.31779,-64.9904,,,,,,
5/17/2022,FLR_063,G1940,604,12:48,OANN,KA,STT,,18.31775,-64.9904,,,,,,
5/17/2022,FLR_064,G1946,616,12:53,PSTR,KA,STT,,18.31771,-64.9904,,,,,,
5/17/2022,FLR_065,G1947,607,12:57,PSTR,KA,STT,,18.31768,-64.9903,,,,,,
5/17/2022,FLR_066,G1948,606,13:04,PSTR,KA,STT,,18.31765,-64.9901,,,,,,
5/17/2022,FLR_067,G1950,605,13:16,PSTR,KA,STT,,18.31756,-64.9903,,,,,,
5/17/2022,FLR_068,G2888,197,NA,OFAV,Sonora,STT,,18.31834,-64.9906,,20FT east of G2399,,,,
5/17/2022,FLR_069,G2397,156,NA,OFAV,Sonora,STT,,18.31834,-64.9906,,species... maybe ofra; southeast of Transect 5 start 8 feet directly north of G1920 27ft,,,,
5/17/2022,FLR_070,G2889,192,NA,PSTR,Sonora,STT,,18.31834,-64.9906,,17ft northwest of G1926,,,,
5/17/2022,FLR_071,G2890,101,NA,PSTR,Sonora,STT,,18.31834,-64.9906,,1ft south of G2397,,,,
5/17/2022,FLR_072,G2900,159,NA,OFAV,Sonora,STT,,18.31834,-64.9906,,17ft north of G2889,,,,
5/17/2022,FLR_073,G2399,106,NA,PSTR,Sonora,STT,,18.31834,-64.9906,,4 feet north of Transect 6 end,,,,
5/17/2022,FLR_074,G2896,157,NA,OFAV,Sonora,STT,,18.31834,-64.9906,,species.. maybe ofra; 13 feet south of G2888,,,,
5/17/2022,FLR_075,G2398,155,NA,PSTR,Sonora,STT,,18.31834,-64.9906,,15 feet south of G2896 and 2 feet east of reef edge,,,,
5/17/2022,FLR_076,G2897,190,NA,OFAV,Sonora,STT,,18.31834,-64.9906,,species... maybe ofra; 15 feet south of G2398 small patch in sand by big barrel sponge,,,,
5/17/2022,FLR_077,G2483,198,NA,PSTR,Sonora,STT,,18.31834,-64.9906,,17 feet north of G2888,,,,
5/18/2022,MEG_071,G1296,614,10:29,OFAV,KA,STT,,18.374297,-64.9340795,,,,,,
5/18/2022,MEG_072,G1256,618,10:32,PSTR,KA,STT,,18.37431653,-64.93394405,,,,,,
5/18/2022,MEG_073,G1259,615,10:40,OFAV,KA,STT,,18.37419215,-64.93353224,,,,,,
5/18/2022,MEG_074,G1257,624,10:49,OFAV,KA,STT,,18.37435945,-64.93390515,,,,,,
5/18/2022,MEG_075,G1258,617,11:02,OFAV,KA,STT,,18.37499999,-64.93474997,,,,,,
5/18/2022,MEG_076,G1260,,11:06,PSTR,KA,STT,,18.3751989,-64.93479112,,,,,,
5/18/2022,MEG_077,G1266,608,11:16,PSTR,KA,STT,,18.37541104,-64.93518976,,,,,,
5/18/2022,MEG_078,G1267,638,11:26,PSTR,KA,STT,,18.3754444,-64.93542379,,,,,,
5/18/2022,MEG_079,G1951,158,10:34,OFAV,Sesno,STT,,18.37432944,-64.93392033,,,,,,
5/18/2022,MEG_080,G1952,104,10:55,OFAV,Sesno,STT,,18.37452474,-64.93459381,,,,,,
5/18/2022,MEG_081,G1953,109,10:59,OFAV,Sesno,STT,,18.37489732,-64.93485549,,,,,,
5/18/2022,MEG_082,G1961,196,11:04,OFAV,Sesno,STT,,18.37506185,-64.93472189,,,,,,
5/18/2022,MEG_083,G1954,193,11:07,OFAV,Sesno,STT,,18.37520032,-64.93478668,,,,,,
5/18/2022,MEG_084,G1201,141,10:42,OFAV,Jason,STT,,18.37421453,-64.9335128,,,,,,
5/18/2022,MEG_085,G1202,153,11:18,OFAV,Jason,STT,,18.37547734,-64.93523285,,,,,,
5/18/2022,IBR_112,G1268,623,13:00,ACER,KA,STT,,18.37976754,-64.96460689,,,,,,
5/18/2022,IBR_113,G1276,639,13:09,ACER,KA,STT,,18.38007364,-64.96465559,,,,,,
5/18/2022,IBR_114,G1269,619,13:14,ACER,KA,STT,,18.38045443,-64.96445216,,,,,,
5/18/2022,IBR_115,G1270,613,13:19,ACER,KA,STT,,18.38052744,-64.96438134,,,,,,
5/18/2022,IBR_116,G1279,620,13:23,ACER,KA,STT,,18.38078552,-64.96434303,,,,,,
5/18/2022,IBR_117,G1277,610,13:30,ACER,KA,STT,,18.38080144,-64.96425276,,,,,,
5/18/2022,IBR_118,G1280,603,14:04,OANN,KA,STT,,18.38022812,-64.96382,,,,,,
5/18/2022,IBR_119,G1286,609,14:17,OANN,KA,STT,,18.38013953,-64.96358883,,,,,,
5/18/2022,IBR_120,G1278,625,14:24,OANN,KA,STT,,18.3800604,-64.96355681,,,,,,
5/18/2022,IBR_121,G1955,205,13:00,ACER,Sesno,STT,,18.37976754,-64.96460689,,,,,,
5/18/2022,IBR_122,G1962,107,13:10,ACER,Sesno,STT,,18.38009393,-64.96461854,,,,,,
5/18/2022,IBR_123,G1963,199,13:12,ACER,Sesno,STT,,18.38034136,-64.96459465,,,,,,
5/18/2022,IBR_124,G1964,191,13:23,ACER,Sesno,STT,,18.38078552,-64.96434303,,,,,,
5/18/2022,IBR_125,G1965,194,14:05,OANN,Sesno,STT,,18.38024028,-64.96383903,,,,,,
5/18/2022,IBR_126,G1971,405,14:11,OANN,Sesno,STT,,18.38016392,-64.96365563,,,,,,
5/18/2022,IBR_127,G1972,408,14:16,OANN,Sesno,STT,,18.38014288,-64.96358866,,,,,,
5/18/2022,IBR_128,G1203,145,13:00,ACER,Jason,STT,,18.37976754,-64.96460689,,,,,,
5/18/2022,IBR_129,G1204,144,13:06,ACER,Jason,STT,,18.38002478,-64.96465098,,,,,,
5/18/2022,IBR_130,G1205,223,13:18,ACER,Jason,STT,,18.3805199,-64.96439726,,,,,,
5/18/2022,IBR_131,G1211,218,13:21,ACER,Jason,STT,,18.38057287,-64.964337,,,,,,
5/18/2022,IBR_132,G1212,146,13:28,ACER,Jason,STT,,18.38077839,-64.96424471,,,,,,
5/18/2022,IBR_133,G1215,219,14:13,OANN,Jason,STT,,18.38016392,-64.96364742,,,,,,
5/18/2022,IBR_134,G1214,151,14:20,OANN,Jason,STT,,18.38004104,-64.96352378,,,,,,
5/18/2022,IBR_135,G1213,149,14:29,OANN,Jason,STT,,18.38023701,-64.96368907,,,,,,
5/19/2022,SAP_071,G1300,136,13:35,OFAV,Sesno,STT,,18.33562709,-64.84901533,,,,,,
5/19/2022,SAP_072,G1299,195,13:39,OANN,Sesno,STT,,18.33560505,-64.84883278,,,,,,
5/19/2022,SAP_073,G1298,189,13:47,OFAV,Sesno,STT,,18.33569415,-64.84877368,,,,,,
5/19/2022,SAP_074,G1297,227,13:54,OANN,Sesno,STT,,18.33570429,-64.8485773,,,,,,
5/19/2022,SAP_075,G1295,619,14:09,OANN,Sesno,STT,,18.33581837,-64.84795025,,,,,,
5/19/2022,SAP_076,G1973,148,14:16,OANN,Sesno,STT,,18.33567336,-64.84791957,,,,,,
5/19/2022,SAP_077,G1974,124,14:22,OANN,Sesno,STT,,18.33576967,-64.84835442,,,,,,
5/19/2022,SAP_078,G1975,150,14:27,OANN,Sesno,STT,,18.33571049,-64.84862692,,,,,,
5/19/2022,SAP_079,G1290,609,13:42,OFAV,KA,STT,,18.33561385,-64.84884518,,,,,,
5/19/2022,SAP_080,G1289,625,13:47,OANN,KA,STT,,18.33569415,-64.84877368,,,,,,
5/19/2022,SAP_081,G1221,603,13:51,OANN,KA,STT,,18.33569968,-64.84854938,,,,,,
5/19/2022,SAP_082,G1222,610,13:58,OANN,KA,STT,,18.33588861,-64.84832634,,,,,,
5/19/2022,SAP_083,G1288,638,14:00,OANN,KA,STT,,18.33592272,-64.84828938,,,,,,
5/19/2022,SAP_084,G1231,615,14:05,OFAV,KA,STT,,18.3359793,-64.84803767,,,,,,
5/19/2022,SAP_085,G1287,503,14:21,OANN,KA,STT,,18.3357897,-64.84834101,,,,,,
5/19/2022,SAP_086,G1223,639,14:27,OANN,KA,STT,,18.33571049,-64.84862692,,,,,,
5/19/2022,SAP_087,G1224,620,14:33,OANN,KA,STT,,18.33563799,-64.84887133,,,,,,
5/20/2022,UVI_001,A,,,OFAV,,STT,,18.34386,-64.98236,,,,,,
5/20/2022,UVI_002,B,,,OFAV,,STT,,18.34386,-64.98236,,,,,,
5/20/2022,UVI_003,C,,,OFAV,,STT,,18.34386,-64.98236,,,,,,
5/20/2022,UVI_004,D,,,OFAV,,STT,,18.34386,-64.98236,,,,,,
5/20/2022,UVI_005,E,,,OFAV,,STT,,18.34386,-64.98236,,,,,,
5/20/2022,UVI_006,F,,,OFAV,,STT,,18.34386,-64.98236,,,,,,
5/20/2022,UVI_007,G,,,OFAV,,STT,,18.34386,-64.98236,,,,,,
5/20/2022,UVI_008,H,,,OFAV,,STT,,18.34386,-64.98236,,,,,,
5/20/2022,UVI_009,I,,,OFAV,,STT,,18.34386,-64.98236,,,,,,
5/20/2022,UVI_010,J,,,OFAV,,STT,,18.34386,-64.98236,,,,,,
5/20/2022,UVI_011,K,,,OFAV,,STT,,18.34386,-64.98236,,,,,,
5/20/2022,UVI_012,L,,,OFAV,,STT,,18.34386,-64.98236,,,,,,
5/20/2022,UVI_013,M,,,OFAV,,STT,,18.34386,-64.98236,,,,,,
5/20/2022,UVI_014,N,,,OFAV,,STT,,18.34386,-64.98236,,,,,,
5/20/2022,UVI_015,O,,,OFAV,,STT,,18.34386,-64.98236,,,,,,
5/20/2022,UVI_016,P,,,OFAV,,STT,,18.34386,-64.98236,,,,,,
5/23/2022,THC_001,3401,628,10:18,APAL,Sesno,STT,,18.35674,-64.85407,,,,,,
5/23/2022,THC_002,3400,627,10:23,APAL,Sesno,STT,,18.35674,-64.85407,,,,,,
5/23/2022,THC_003,22,642,10:27,APAL,Sesno,STT,,18.35674,-64.85407,,yellow tag unknown tagger,,,,
5/23/2022,THC_004,3404,151,10:32,APAL,Sesno,STT,,18.35674,-64.85407,,,,,,
5/23/2022,THC_005,34,153,10:43,APAL,Sesno,STT,,18.35674,-64.85407,,yellow tag unknown tagger,,,,
5/23/2022,THC_006,3412,219,10:45,APAL,Sesno,STT,,18.3567,-64.85374,,,,,,
5/23/2022,THC_007,3420,149,10:48,APAL,Sesno,STT,,18.3567,-64.85374,,,,,,
5/23/2022,THC_008,3413,146,10:50,APAL,Sesno,STT,,18.3567,-64.85374,,,,,,
5/23/2022,THC_009,6,218,10:55,APAL,Sesno,STT,,18.3567,-64.85374,,yellow tag unknown tagger,,,,
5/23/2022,THC_010,3387,144,10:59,APAL,Sesno,STT,,18.35678,-64.85362,,,,,,
5/23/2022,THC_011,G1090,145,11:35,ACER,Sesno,STT,,18.35558281,-64.85387851,,,,,,
5/23/2022,THC_012,G1100,223,12:36,ACER,Sesno,STT,,18.356866,-64.85863977,,,,,,
5/23/2022,THC_013,G1099,141,13:00,ACER,Sesno,STT,,18.35685116,-64.86035328,,,,,,
5/23/2022,THC_014,G1098,191,13:02,ACER,Sesno,STT,,18.35688829,-64.86027609,,,,,,
5/23/2022,THC_015,G1089,205,13:04,ACER,Sesno,STT,,18.35693582,-64.86036234,,,,,,
5/23/2022,THC_016,G1088,107,13:07,ACER,Sesno,STT,,18.35690489,-64.86028983,,,,,,
5/23/2022,THC_017,G1080,194,13:10,ACER,Sesno,STT,,18.3569059,-64.86027793,,,,,,
5/23/2022,THC_018,G1079,199,13:13,ACER,Sesno,STT,,18.35697153,-64.86024801,,,,,,
5/23/2022,THC_019,G1070,640,13:16,ACER,Sesno,STT,,18.35694278,-64.86019964,,,,,,
5/23/2022,THC_020,G1069,408,13:20,ACER,Sesno,STT,,18.3570535,-64.86029746,,,,,,
5/23/2022,THC_021,3408,307,10:23,APAL,KA,STT,,18.35674,-64.85407,,,,,,
5/23/2022,THC_022,3399,402,10:28,APAL,KA,STT,,18.35674,-64.85407,,,,,,
5/23/2022,THC_023,3405,305,10:42,APAL,KA,STT,,18.35674,-64.85407,,,,,,
5/23/2022,THC_024,3411,301,10:49,APAL,KA,STT,,18.3567,-64.85374,,,,,,
5/23/2022,THC_025,4073,608,10:52,APAL,KA,STT,,18.3567,-64.85374,,,,,,
5/23/2022,THC_026,3391,618,10:55,APAL,KA,STT,,18.35678,-64.85362,,,,,,
5/23/2022,THC_027,3393,623,10:59,APAL,KA,STT,,18.35678,-64.85362,,,,,,
5/23/2022,THC_028,3397,13,11:04,APAL,KA,STT,,18.35678,-64.85362,,,,,,
5/23/2022,THC_029,3390,617,11:09,APAL,KA,STT,,18.35678,-64.85362,,,,,,
5/23/2022,THC_030,G1051,405,12:25,ACER,KA,STT,,18.35628421,-64.85610257,,,,,,
5/23/2022,THC_031,G1052,643,12:39,ACER,KA,STT,,18.35693029,-64.85838949,,,,,,
5/23/2022,THC_032,G1053,633,12:42,ACER,KA,STT,,18.35694839,-64.85846828,,,,,,
5/23/2022,THC_033,G1054,104,12:26,ACER,KA,STT,,18.35631522,-64.8561646,,,,,,
5/23/2022,THC_034,G1055,109,13:08,ACER,KA,STT,,18.35690849,-64.86029612,,,,,,
5/23/2022,THC_035,G1061,193,13:11,ACER,KA,STT,,18.35696356,-64.86026351,,,,,,
5/23/2022,THC_036,G1062,637,13:14,ACER,KA,STT,,18.35692316,-64.86027625,,,,,,
5/23/2022,THC_037,G1063,196,13:16,ACER,KA,STT,,18.35694278,-64.86019964,,,,,,
5/23/2022,THC_038,G1064,158,13:19,ACER,KA,STT,,18.35702064,-64.8602154,,,,,,
5/23/2022,THC_039,G1065,198,13:22,ACER,KA,STT,,18.3570908,-64.86030777,,,,,,
5/23/2022,THC_040,3409,416,NA,APAL,Jason,STT,,18.35674,-64.85407,,,,,,
5/23/2022,THC_041,3403,126,NA,APAL,Jason,STT,,18.35674,-64.85407,,,,,,
5/23/2022,THC_042,3398,125,NA,APAL,Jason,STT,,18.35674,-64.85407,,,,,,
5/23/2022,THC_043,3406,213,NA,APAL,Jason,STT,,18.35674,-64.85407,,,,,,
5/23/2022,THC_044,3407,412,NA,APAL,Jason,STT,,18.35674,-64.85407,,,,,,
5/23/2022,THC_045,3410,123,NA,APAL,Jason,STT,,18.3567,-64.85374,,,,,,
5/23/2022,THC_046,3419,110,NA,APAL,Jason,STT,,18.3567,-64.85374,,,,,,
5/23/2022,THC_047,3421,418,NA,APAL,Jason,STT,,18.3567,-64.85374,,,,,,
5/23/2022,THC_048,3415,154,NA,APAL,Jason,STT,,18.3567,-64.85374,,,,,,
5/23/2022,THC_049,3394,500,NA,APAL,Jason,STT,,18.35678,-64.85362,,,,,,
5/23/2022,COW_001,3486,632,14:19,APAL,Sesno,STT,,18.30442,64.84591,,,,,,
5/23/2022,COW_002,3481,192,14:22,APAL,Sesno,STT,,18.30442,64.84591,,,,,,
5/23/2022,COW_003,3478,101,14:24,APAL,Sesno,STT,,18.30442,64.84591,,,,,,
5/23/2022,COW_004,3484,156,14:26,APAL,Sesno,STT,,18.30442,64.84591,,,,,,
5/23/2022,COW_005,3482,157,14:28,APAL,Sesno,STT,,18.30442,64.84591,,,,,,
5/23/2022,COW_006,3489,106,14:47,APAL,Sesno,STT,,18.30464,64.84595,,,,,,
5/23/2022,COW_007,3494,224,14:49,APAL,Sesno,STT,,18.30464,64.84595,,,,,,
5/23/2022,COW_008,3500,140,14:51,APAL,Sesno,STT,,18.30464,64.84595,,,,,,
5/23/2022,COW_009,3490,138,14:53,APAL,Sesno,STT,,18.30464,64.84595,,,,,,
5/23/2022,COW_010,3492,406,14:56,APAL,Sesno,STT,,18.30464,64.84595,,,,,,
5/23/2022,COW_011,3474,221,15:16,APAL,Sesno,STT,,18.30466,-64.84613,,,,,,
5/23/2022,COW_012,G1078,159,14:36,ACER,Sesno,STT,,18.30442621,-64.84584128,,,,,,
5/23/2022,COW_013,G1097,190,14:41,ACER,Sesno,STT,,18.30450241,-64.8459955,,,,,,
5/23/2022,COW_014,G1087,155,14:44,ACER,Sesno,STT,,18.30451397,-64.84599307,,,,,,
5/23/2022,COW_015,G1096,220,15:04,ACER,Sesno,STT,,18.30472059,-64.84612953,,,,,,
5/23/2022,COW_016,G1060,100,15:08,ACER,Sesno,STT,,18.3047174,-64.84610086,,,,,,
5/23/2022,COW_017,G1056,135,15:22,ACER,Sesno,STT,,18.30473425,-64.84606708,,,,,,
5/23/2022,COW_018,G1057,410,15:35,ACER,Sesno,STT,,18.30472335,-64.84618661,,,,,,
5/23/2022,COW_019,G1058,415,15:42,ACER,Sesno,STT,,18.30458002,-64.8460002,,,,,,
5/23/2022,COW_020,3480,644,14:28,APAL,KA,STT,,18.30442,64.84591,,,,,,
5/23/2022,COW_021,3483,228,14:33,APAL,KA,STT,,18.30442,64.84591,,,,,,
5/23/2022,COW_022,G1071,509,14:44,ACER,KA,STT,,18.30451397,-64.84599307,,,,,,
5/23/2022,COW_023,G1072,108,14:48,ACER,KA,STT,,18.3045874,-64.8460033,,disease,,,,
5/23/2022,COW_024,G1073,129,14:52,ACER,KA,STT,,18.30469703,-64.84606809,,,,,,
5/23/2022,COW_025,3468,635,14:56,APAL,KA,STT,,18.30466,-64.84613,,,,,,
5/23/2022,COW_026,3473,137,15:00,APAL,KA,STT,,18.30466,-64.84613,,,,,,
5/23/2022,COW_027,3471,232,15:05,APAL,KA,STT,,18.30466,-64.84613,,,,,,
5/23/2022,COW_028,3469,103,15:08,APAL,KA,STT,,18.30466,-64.84613,,,,,,
5/23/2022,COW_029,3470,501,15:10,APAL,KA,STT,,18.30466,-64.84613,,,,,,
5/23/2022,COW_030,3467,222,15:17,APAL,KA,STT,,18.30466,-64.84613,,,,,,
5/23/2022,COW_031,G1074,400,15:23,ACER,KA,STT,,18.3047454,-64.84608158,,disease,,,,
5/23/2022,COW_032,G1075,122,15:28,ACER,KA,STT,,18.30468924,-64.8461618,,,,,,
5/23/2022,COW_033,G1081,507,15:32,ACER,KA,STT,,18.30473064,-64.8461597,,disease,,,,
5/23/2022,COW_034,G1082,626,15:42,ACER,KA,STT,,18.30458002,-64.8460002,,,,,,
5/23/2022,COW_035,G1083,201,15:47,ACER,KA,STT,,18.30444256,-64.84581387,,disease,,,,
5/23/2022,COW_036,3479,624,,APAL,Jason,STT,,18.30442,64.84591,,,,,,
5/23/2022,COW_037,3487,304,,APAL,Jason,STT,,18.30442,64.84591,,,,,,
5/23/2022,COW_038,G1956,404,,ACER,Jason,STT,,18.30442,64.84591,,,,,,
5/23/2022,COW_039,G1957,203,,ACER,Jason,STT,,18.30442,64.84591,,,,,,
5/23/2022,COW_040,3493,619,,APAL,Jason,STT,,18.30464,64.84595,,,,,,
5/23/2022,COW_041,3491,189,,APAL,Jason,STT,,18.30464,64.84595,,,,,,
5/23/2022,COW_042,3498,227,,APAL,Jason,STT,,18.30464,64.84595,,,,,,
5/23/2022,COW_043,3499,150,,APAL,Jason,STT,,18.30464,64.84595,,,,,,
5/23/2022,COW_044,G1958,116,,ACER,Jason,STT,,18.30464,64.84595,,,,,,
5/23/2022,COW_045,3465,503,,APAL,Jason,STT,,18.30466,-64.84613,,,,,,
5/23/2022,COW_046,3472,615,,APAL,Jason,STT,,18.30466,-64.84613,,,,,,
5/23/2022,COW_047,3466,610,,APAL,Jason,STT,,18.30466,-64.84613,,,,,,
5/23/2022,COW_048,G1960,638,,ACER,Jason,STT,,18.30466,-64.84613,,,,,,
5/23/2022,COW_049,G1959,625,,ACER,Jason,STT,,18.30466,-64.84613,,,,,,
5/23/2022,COW_050,G1966,639,,ACER,Jason,STT,,18.30466,-64.84613,,,,,,
5/24/2022,BOT_001,3307,644,10:22,APAL,Sesno,STT,,18.35895,-65.0331,,,,,,
5/24/2022,BOT_002,3303,626,10:25,APAL,Sesno,STT,,18.35895,-65.0331,,,,,,
5/24/2022,BOT_003,3302,232,10:27,APAL,Sesno,STT,,18.35895,-65.0331,,,,,,
5/24/2022,BOT_004,3306,201,10:34,APAL,Sesno,STT,,18.35895,-65.0331,,,,,,
5/24/2022,BOT_005,4040,635,10:39,APAL,Sesno,STT,,18.35895,-65.0331,,,,,,
5/24/2022,BOT_006,4038,509,10:52,APAL,Sesno,STT,,18.35857,-65.03297,,,,,,
5/24/2022,BOT_007,3316,228,10:57,APAL,Sesno,STT,,18.35857,-65.03297,,,,,,
5/24/2022,BOT_008,3318,100,10:59,APAL,Sesno,STT,,18.35857,-65.03297,,,,,,
5/24/2022,BOT_009,G1041,108,11:21,APAL,Sesno,STT,,18.35857,-65.03297,,very shallow; *Tag used for multiple corals,,,,
5/24/2022,BOT_010,G1041,159,11:22,PSTR,Sesno,STT,,18.35857,-65.03297,,very shallow; *Tag used for multiple corals,,,,
5/24/2022,BOT_011,G1031,415,11:31,APAL,Sesno,STT,,18.35857,-65.03297,,very shallow;*Tag used for multiple corals,,,,
5/24/2022,BOT_012,G1031,140,11:32,PSTR,Sesno,STT,,18.35857,-65.03297,,very shallow;*Tag used for multiple corals,,,,
5/24/2022,BOT_013,G1042,157,11:40,PSTR,Sesno,STT,,18.35857,-65.03297,,very shallow,,,,
5/24/2022,BOT_014,G1032,156,11:45,PSTR,Sesno,STT,,18.35857,-65.03297,,,,,,
5/24/2022,BOT_015,G1001,101,11:53,PSTR,Sesno,STT,,18.35857,-65.03297,,,,,,
5/24/2022,BOT_016,3328,221,12:02,APAL,Sesno,STT,,18.35822,-65.03301,,,,,,
5/24/2022,BOT_017,3330,190,12:06,APAL,Sesno,STT,,18.35822,-65.03301,,,,,,
5/24/2022,BOT_018,G1991,418,,PSTR,Jason,STT,,18.35822,-65.03301,,,,,,
5/24/2022,BOT_019,G1984,408,,PSTR,Jason,STT,,18.35822,-65.03301,,,,,,
5/24/2022,BOT_020,G1985,199,,PSTR,Jason,STT,,18.35822,-65.03301,,,,,,
5/24/2022,BOT_021,G1983,123,,PSTR,Jason,STT,,18.35822,-65.03301,,,,,,
5/24/2022,BOT_022,G1982,213,,PSTR,Jason,STT,,18.35822,-65.03301,,,,,,
5/24/2022,BOT_023,3333,125,,APAL,Jason,STT,,18.35822,-65.03301,,,,,,
5/24/2022,BOT_024,3331,126,,APAL,Jason,STT,,18.35822,-65.03301,,,,,,
5/24/2022,BOT_025,3305,146,10:31,APAL,KA,STT,,18.35895,-65.0331,,,,,,
5/24/2022,BOT_026,3304,617,10:34,APAL,KA,STT,,18.35895,-65.0331,,,,,,
5/24/2022,BOT_027,3301,633,10:38,APAL,KA,STT,,18.35895,-65.0331,,,,,,
5/24/2022,BOT_028,3312,109,10:42,APAL,KA,STT,,18.35895,-65.0331,,,,,,
5/24/2022,BOT_029,3310,608,10:46,APAL,KA,STT,,18.35895,-65.0331,,,,,,
5/24/2022,BOT_030,3320,402,10:57,APAL,KA,STT,,18.35857,-65.03297,,,,,,
5/24/2022,BOT_031,3315,618,11:01,APAL,KA,STT,,18.35857,-65.03297,,,,,,
5/24/2022,BOT_032,3313,613,11:07,APAL,KA,STT,,18.35857,-65.03297,,,,,,
5/24/2022,BOT_033,G1006,505,NA,PSTR,KA,STT,,18.35857,-65.03297,,,,,,
5/24/2022,BOT_034,G1007,226,NA,PSTR,KA,STT,,18.35857,-65.03297,,,,,,
5/24/2022,BOT_035,G1008,508,NA,PSTR,KA,STT,,18.35857,-65.03297,,,,,,
5/24/2022,BOT_036,G1014,229,NA,PSTR,KA,STT,,18.35857,-65.03297,,,,,,
5/24/2022,BOT_037,G1009,405,NA,PSTR,KA,STT,,18.35857,-65.03297,,,,,,
5/24/2022,BOT_038,G1010,104,NA,PSTR,KA,STT,,18.35857,-65.03297,,,,,,
5/24/2022,BOT_039,G1017,193,NA,APAL,KA,STT,,18.35857,-65.03297,,,,,,
5/24/2022,BOT_040,G1001,198,NA,APAL,KA,STT,,18.35857,-65.03297,,,,,,
5/24/2022,BOT_041,3326,196,NA,APAL,KA,STT,,18.35822,-65.03301,,,,,,
5/24/2022,BOT_042,3325,305,NA,APAL,KA,STT,,18.35822,-65.03301,,,,,,
5/24/2022,MER_001,G1033,115,13:26,ACER,Sesno,STT,,18.3522063,-65.042028,,,,,,
5/24/2022,MER_002,G1043,616,13:37,ACER,Sesno,STT,,18.3526914,-65.042259,,,,,,
5/24/2022,MER_003,G1045,606,13:41,ACER,Sesno,STT,,18.3529231,-65.042432,,,,,,
5/24/2022,MER_004,see_photo,37,13:47,ACER,Sesno,STT,,18.3529061,-65.042505,,,,,,
5/24/2022,MER_005,G1034,127,13:53,ACER,Sesno,STT,,18.3530884,-65.042487,,,,,,
5/24/2022,MER_006,G1035,105,13:59,ACER,Sesno,STT,,18.35356,-65.042302,,,,,,
5/24/2022,MER_007,G1024,600,14:05,ACER,Sesno,STT,,18.3537583,-65.042196,,,,,,
5/24/2022,MER_008,G1025,607,14:10,ACER,Sesno,STT,,18.3538438,-65.0424,,,,,,
5/24/2022,MER_009,G1004,112,14:13,ACER,Sesno,STT,,18.3539058,-65.042347,,,,,,
5/24/2022,MER_010,G1005,601,14:17,ACER,Sesno,STT,,18.3539965,-65.042418,,,,,,
5/24/2022,MER_011,G1018,604,13:20,ACER,KA,STT,,18.3523561,-65.042925,,,,,,
5/24/2022,MER_012,G1019,623,13:39,ACER,KA,STT,,18.3527909,-65.042421,,,,,,
5/24/2022,MER_013,G1026,612,13:42,ACER,KA,STT,,18.3529199,-65.042439,,,,,,
5/24/2022,MER_014,G1020,307,13:46,ACER,KA,STT,,18.3529164,-65.042488,,,,,,
5/24/2022,MER_015,G1027,301,13:48,ACER,KA,STT,,18.3529163,-65.04251,,,,,,
5/24/2022,MER_016,G1028,187,14:05,ACER,KA,STT,,18.3537583,-65.042196,,,,,,
5/24/2022,MER_017,G1029,637,14:07,ACER,KA,STT,,18.3537734,-65.042196,,,,,,
5/24/2022,MER_018,G1030,407,14:12,ACER,KA,STT,,18.3538672,-65.042345,,,,,,
5/24/2022,MER_019,G1036,158,14:16,ACER,KA,STT,,18.3539864,-65.042357,,,,,,
5/24/2022,MER_020,G1037,643,14:17,ACER,KA,STT,,18.3539965,-65.042418,,,,,,
5/26/2022,COK_039,G1091,414,15:15,PSTR,Sesno,STT,,18.34957668,-64.86597536,,,,,,
5/26/2022,COK_040,G1085,501,15:22,PSTR,Sesno,STT,,18.35029962,-64.86567311,,,,,,
5/26/2022,COK_041,G1084,122,15:29,PSTR,Sesno,STT,,18.35035779,-64.86542132,,*Tag used for multiple corals,,,,
5/26/2022,COK_042,G1084,129,15:29,PAST,Sesno,STT,,18.35035779,-64.86542132,,*Tag used for multiple corals,,,,
5/26/2022,COK_043,G1002,210,15:35,OFRA,Sesno,STT,,18.35057261,-64.86523373,,,,,,
5/26/2022,COK_044,G1011,416,15:40,PSTR,Sesno,STT,,18.35065065,-64.86509509,,*Tag used for multiple corals,,,,
5/26/2022,COK_045,G1011,110,15:40,PAST,Sesno,STT,,18.35065065,-64.86509509,,*Tag used for multiple corals,,,,
5/26/2022,COK_046,G1012,191,15:53,PAST,Sesno,STT,,18.35070237,-64.86472134,,,,,,
5/26/2022,COK_047,G1003,640,15:57,PSTR,Sesno,STT,,18.3508348,-64.86429513,,,,,,
5/26/2022,COK_048,G1085,139,16:13,PAST,Sesno,STT,,18.35054286,-64.86516374,,,,,,
5/26/2022,COK_049,G1077,609,15:21,PSTR,KA,STT,,18.35023097,-64.86572273,,*Tag used for multiple corals,,,,
5/26/2022,COK_050,G1077,155,15:21,PAST,KA,STT,,18.35023097,-64.86572273,,*Tag used for multiple corals,,,,
5/26/2022,COK_051,G1050,195,15:28,PSTR,KA,STT,,18.35028914,-64.86545459,,*Tag used for multiple corals,,,,
5/26/2022,COK_052,G1050,136,15:28,PAST,KA,STT,,18.35028914,-64.86545459,,*Tag used for multiple corals,,,,
5/26/2022,COK_053,G1067,106,15:34,PSTR,KA,STT,,18.35050246,-64.86526424,,,,,,
5/26/2022,COK_054,G1066,148,15:37,OFRA,KA,STT,,18.35061578,-64.86521521,,*Tag used for multiple corals,,,,
5/26/2022,COK_055,G1066,124,15:37,PAST,KA,STT,,18.35061578,-64.86521521,,*Tag used for multiple corals,,,,
5/26/2022,COK_056,G1038,152,15:43,PSTR,KA,STT,,18.35064076,-64.86510641,,*Tag used for multiple corals,,,,
5/26/2022,COK_057,G1038,133,15:43,PAST,KA,STT,,18.35064076,-64.86510641,,*Tag used for multiple corals,,,,
5/26/2022,COK_058,G1046,224,15:50,PSTR,KA,STT,,18.35075433,-64.86482855,,,,,,
5/27/2022,FLR_078,2514,192,NA,APAL,Sesno,STT,,18.31716,-64.98894,,,,,,
5/27/2022,FLR_079,2523,145,NA,APAL,Sesno,STT,,18.31716,-64.98894,,,,,,
5/27/2022,FLR_080,2518,130,NA,APAL,Sesno,STT,,18.31716,-64.98894,,,,,,
5/27/2022,FLR_081,39,413,NA,APAL,Sesno,STT,,18.31696,-64.98897,,yellow tag,,,,
5/27/2022,FLR_082,2531,417,NA,APAL,Sesno,STT,,18.31696,-64.98897,,,,,,
5/27/2022,FLR_083,2526,202,NA,APAL,Sesno,STT,,18.31696,-64.98897,,,,,,
5/27/2022,FLR_084,2525,128,NA,APAL,Sesno,STT,,18.31696,-64.98897,,,,,,
5/27/2022,FLR_085,2502,419,NA,APAL,Sesno,STT,,18.31661,-64.98904,,,,,,
5/27/2022,FLR_086,2509,200,NA,APAL,Sesno,STT,,18.31661,-64.98904,,,,,,
5/27/2022,FLR_087,2512,209,NA,APAL,Sesno,STT,,18.31661,-64.98904,,,,,,
5/27/2022,FLR_088,2506,305,NA,APAL,Sesno,STT,,18.31661,-64.98904,,,,,,
5/27/2022,FLR_089,2524,110,NA,APAL,KA,STT,,18.31716,-64.98894,,,,,,
5/27/2022,FLR_090,11,645,NA,APAL,KA,STT,,18.31716,-64.98894,,yellow tag,,,,
5/27/2022,FLR_091,2528,416,NA,APAL,KA,STT,,18.31696,-64.98897,,,,,,
5/27/2022,FLR_092,40,210,NA,APAL,KA,STT,,18.31661,-64.98904,,yellow tag,,,,
5/27/2022,FLR_093,2503,634,NA,APAL,KA,STT,,18.31661,-64.98904,,,,,,
5/27/2022,FLR_094,2504,139,NA,APAL,KA,STT,,18.31661,-64.98904,,,,,,
5/27/2022,FLR_095,2508,636,NA,APAL,KA,STT,,18.31661,-64.98904,,,,,,
5/27/2022,FLR_096,2507,122,NA,APAL,KA,STT,,18.31661,-64.98904,,,,,,
5/26/2022,CNU_001,MAHODCYL2B,NA,NA,DEND,KA/Sesno,CWORI Nursery,,,,,,,,,
5/26/2022,CNU_002,SALTPDCYL2NA,NA,NA,DEND,KA/Sesno,CWORI Nursery,,,,,,,,,
5/26/2022,CNU_003,FRANDCYL1NA,NA,NA,DEND,KA/Sesno,CWORI Nursery,,,,,,,,,
5/26/2022,CNU_004,COCCDCYL1A,NA,NA,DEND,KA/Sesno,CWORI Nursery,,,,,,,,,
5/26/2022,CNU_005,MAHODCYL1A,NA,NA,DEND,KA/Sesno,CWORI Nursery,,,,,,,,,
5/26/2022,CNU_006,MAHODCYL1B,NA,NA,DEND,KA/Sesno,CWORI Nursery,,,,,,,,,
5/26/2022,CNU_007,KIDDELDCYL1A,NA,NA,DEND,KA/Sesno,CWORI Nursery,,,,,,,,,
5/26/2022,CNU_008,SALTPDCYL3NA,NA,NA,DEND,KA/Sesno,CWORI Nursery,,,,,,,,,
5/26/2022,CNU_009,FRANDCYL2NA,NA,NA,DEND,KA/Sesno,CWORI Nursery,,,,,,,,,
5/26/2022,CNU_010,FREDDCYL2,NA,NA,DEND,KA/Sesno,CWORI Nursery,,,,,,,,,
5/26/2022,CNU_011,SALTPDCYL1A,NA,NA,DEND,KA/Sesno,CWORI Nursery,,,,,,,,,
5/26/2022,CNU_012,ELKBAYDCYL1,NA,NA,DEND,KA/Sesno,CWORI Nursery,,,,,,,,,
5/26/2022,CNU_013,COKIOFAV010,NA,NA,OFAV,KA/Sesno,CWORI Nursery,,,,,FRAG 19,,,,
5/26/2022,CNU_014,COKIOFAV009,NA,NA,OFAV,KA/Sesno,CWORI Nursery,,,,,FRAG 146,,,,
5/26/2022,CNU_015,COKIOFAV007,NA,NA,OFAV,KA/Sesno,CWORI Nursery,,,,,,,,,
5/26/2022,CNU_016,COKIOANN005,NA,NA,OANN,KA/Sesno,CWORI Nursery,,,,,,,,,
5/26/2022,CNU_017,COKIOFRA011,NA,NA,OFRA,KA/Sesno,CWORI Nursery,,,,,FRAG 01,,,,
5/26/2022,CNU_018,THATCHOFAV02,NA,NA,OFAV,KA/Sesno,CWORI Nursery,,,,,,,,,
5/26/2022,CNU_019,THATCHOFAV-16,NA,NA,OFAV,KA/Sesno,CWORI Nursery,,,,,,,,,
5/26/2022,CNU_020,THATCHOFAV-33,NA,NA,OFAV,KA/Sesno,CWORI Nursery,,,,,,,,,
5/26/2022,CNU_021,THATCHOFAV-58,NA,NA,OFAV,KA/Sesno,CWORI Nursery,,,,,,,,,
5/26/2022,CNU_022,THATCHOFAV-326,NA,NA,OFAV,KA/Sesno,CWORI Nursery,,,,,,,,,
5/26/2022,CNU_023,THATCHOFAV-331,NA,NA,OFAV,KA/Sesno,CWORI Nursery,,,,,,,,,
5/26/2022,CNU_024,THATCHOFAV-322,NA,NA,OFAV,KA/Sesno,CWORI Nursery,,,,,,,,,
5/26/2022,CNU_025,THATCHOFAV-045,NA,NA,OFAV,KA/Sesno,CWORI Nursery,,,,,,,,,
5/26/2022,CNU_026,THATCHOFAV-036,NA,NA,OFAV,KA/Sesno,CWORI Nursery,,,,,,,,,
5/26/2022,CNU_027,THATCHOFAV-035,NA,NA,OFAV,KA/Sesno,CWORI Nursery,,,,,,,,,
5/26/2022,CNU_028,THATCHOFAV-042,NA,NA,OFAV,KA/Sesno,CWORI Nursery,,,,,,,,,
5/26/2022,CNU_029,THATCHOFAV-024,NA,NA,OFAV,KA/Sesno,CWORI Nursery,,,,,,,,,
5/26/2022,CNU_030,FREDDCYL2A1,NA,NA,DEND,KA/Sesno,CWORI Nursery,,,,,,,,,
5/26/2022,CNU_031,YAWZIOANN-133A,NA,NA,OANN,KA/Sesno,CWORI Nursery,,,,,,,,,
5/26/2022,CNU_032,YAWZIDCYL-1A,NA,NA,DEND,KA/Sesno,CWORI Nursery,,,,,,,,,
5/26/2022,CNU_033,MAHODCYL-2A,NA,NA,DEND,KA/Sesno,CWORI Nursery,,,,,,,,,
5/26/2022,CNU_034,COKIOFRA047,NA,NA,OFRA,KA/Sesno,CWORI Nursery,,,,,,,,,
5/26/2022,CNU_035,COKIOANN046,NA,NA,OANN,KA/Sesno,CWORI Nursery,,,,,,,,,
6/1/2022,BUK_075,G1059,220,9:33,ACER,Sesno,STT,,18.27811131,-64.89757405,,,,,,
6/1/2022,BUK_076,G1981,138,9:36,ACER,Sesno,STT,,18.27806136,-64.89765141,,,,,,
6/1/2022,BUK_077,G1967,639,9:39,ACER,Sesno,STT,,18.27806764,-64.89764144,,,,,,
6/1/2022,BUK_078,G1968,404,9:49,ACER,Sesno,STT,,18.27812355,-64.89762031,,,,,,
6/1/2022,BUK_079,G1969,625,,ACER,Sesno,STT,,18.27805901,-64.89545007,,,,,,
6/1/2022,BUK_080,G1206,224,,ACER,Jason,STT,,18.27805901,-64.89545007,,,,,,
6/1/2022,BUK_081,G1207,136,,ACER,Jason,STT,,18.27805901,-64.89545007,,,,,,
6/1/2022,BUK_082,G1245,129,9:31,ACER,KA,STT,,18.27825875,-64.89753197,,,,,,
6/1/2022,BUK_083,G1013,603,9:39,ACER,KA,STT,,18.27806764,-64.89764144,,,,,,
6/1/2022,BUK_084,G1244,133B,9:45,ACER,KA,STT,,18.27813394,-64.8976235,,,,,,
6/1/2022,BUK_085,G1243,191,9:48,ACER,KA,STT,,18.27813185,-64.8976064,,close to 369 from previous sampling,,,,
6/1/2022,BUK_086,G1076,501,10:20,ACER,KA,STT,,18.27806706,-64.89544831,,,,,,
6/1/2022,BUK_087,G1086,401,10:22,ACER,KA,STT,,18.27805901,-64.89545007,,,,,,
6/1/2022,GSJ_001,1A,116,,ACER,Sesno,STT,,18.3056,-64.82771,,,,,,
6/1/2022,GSJ_002,1B,503,,ACER,Sesno,STT,,18.3056,-64.82771,,,,,,
6/1/2022,GSJ_003,1D,638,,ACER,Sesno,STT,,18.3056,-64.82771,,,,,,
6/1/2022,GSJ_004,1E,304,,ACER,Sesno,STT,,18.3056,-64.82771,,,,,,
6/1/2022,GSJ_005,orange1_A,624,,ACER,Sesno,STT,,18.3056,-64.82771,,*orange 1 is next to tree 3,,,,
6/1/2022,GSJ_006,orange1_B,619,,ACER,Sesno,STT,,18.3056,-64.82771,,*orange 1 is next to tree 4,,,,
6/1/2022,GSJ_007,orange1_C,615,,ACER,Sesno,STT,,18.3056,-64.82771,,*orange 1 is next to tree 5,,,,
6/1/2022,GSJ_008,orange1_D,303,,ACER,Sesno,STT,,18.3056,-64.82771,,*orange 1 is next to tree 6,,,,
6/1/2022,GSJ_009,orange1_E,610,,ACER,Sesno,STT,,18.3056,-64.82771,,*orange 1 is next to tree 7,,,,
6/1/2022,GSJ_010,3A,641,,ACER,Jason,STT,,18.3056,-64.82771,,,,,,
6/1/2022,GSJ_011,3B,107,,ACER,Jason,STT,,18.3056,-64.82771,,,,,,
6/1/2022,GSJ_012,3C,137,,ACER,Jason,STT,,18.3056,-64.82771,,,,,,
6/1/2022,GSJ_013,3D,135,,ACER,Jason,STT,,18.3056,-64.82771,,,,,,
6/1/2022,GSJ_014,4A,402,,ACER,Jason,STT,,18.3056,-64.82771,,,,,,
6/1/2022,GSJ_015,4B,124,,ACER,Jason,STT,,18.3056,-64.82771,,,,,,
6/1/2022,GSJ_016,4C,140,,ACER,Jason,STT,,18.3056,-64.82771,,,,,,
6/1/2022,GSJ_017,4D,152,,ACER,Jason,STT,,18.3056,-64.82771,,,,,,
6/1/2022,GSJ_018,2A,640,,ACER,KAC,STT,,18.3056,-64.82771,,,,,,
6/1/2022,GSJ_019,2B,111,,ACER,KAC,STT,,18.3056,-64.82771,,,,,,
6/1/2022,GSJ_020,2C,194,,ACER,KAC,STT,,18.3056,-64.82771,,,,,,
6/1/2022,GSJ_021,2D,414,,ACER,KAC,STT,,18.3056,-64.82771,,,,,,
6/1/2022,GSJ_022,orange2_A,223,,ACER,KAC,STT,,18.3056,-64.82771,,,,,,
6/1/2022,GSJ_023,orange2_B,205,,ACER,KAC,STT,,18.3056,-64.82771,,,,,,
6/1/2022,GSJ_024,orange2_C,148,,ACER,KAC,STT,,18.3056,-64.82771,,,,,,
6/6/2022,SRA_001,G1881,85,12:04,PAST,Sesno,STX,,17.7823204,-64.75713467,,*Tag used for multiple corals,,,,
6/6/2022,SRA_002,G1881,82,12:04,OANN,Sesno,STX,,17.7823204,-64.75713467,,*Tag used for multiple corals,,,,
6/6/2022,SRA_003,G1892,83,12:13,OFAV,Sesno,STX,,17.78217439,-64.75700987,,,,,,
6/6/2022,SRA_004,G1891,89,12:17,OFRA,Sesno,STX,,17.78217673,-64.75701934,,*Maybe fav;*Tag used for multiple corals,,,,
6/6/2022,SRA_005,G1891,88,12:17,PAST,Sesno,STX,,17.78217673,-64.75701934,,*Tag used for multiple corals,,,,
6/6/2022,SRA_006,G1893,71,12:26,PAST,Sesno,STX,,17.78202469,-64.75680551,,*Tag used for multiple corals,,,,
6/6/2022,SRA_007,G1893,72,12:26,OANN,Sesno,STX,,17.78202469,-64.75680551,,DISEASE;*Tag used for multiple corals,,,,
6/6/2022,SRA_008,G1894,73,12:33,OFAV,Sesno,STX,,17.78197272,-64.75680443,,,,,,
6/6/2022,SRA_009,G1895,74,12:40,OFAV,Sesno,STX,,17.78193953,-64.75674466,,,,,,
6/6/2022,SRA_010,G1885,75,12:44,OFRA,Sesno,STX,,17.78192385,-64.75674148,,Maybe fav,,,,
6/6/2022,SRA_011,G1884,76,12:48,OANN,Sesno,STX,,17.78190734,-64.75670409,,*Tag used for multiple corals,,,,
6/6/2022,SRA_012,G1883,77,12:54,OANN,Sesno,STX,,17.78189493,-64.75662924,,*Tag used for multiple corals,,,,
6/6/2022,SRA_013,G1883,79,12:54,PAST,Sesno,STX,,17.78189493,-64.75662924,,*Tag used for multiple corals,,,,
6/6/2022,SRA_014,G1875,78,12:59,OFAV,Sesno,STX,,17.78189778,-64.75656697,,*Tag used for multiple corals,,,,
6/6/2022,SRA_015,G1875,80,12:59,OANN,Sesno,STX,,17.78189778,-64.75656697,,*Tag used for multiple corals,,,,
6/6/2022,SRA_016,G1874,81,13:10,OFAV,Sesno,STX,,17.78183584,-64.75656236,,slight disease;*Tag used for multiple corals,,,,
6/6/2022,SRA_017,G1874,84,13:10,PAST,Sesno,STX,,17.78183584,-64.75656236,,*Tag used for multiple corals,,,,
6/6/2022,SRA_018,G1882,87,13:18,OFAV,Sesno,STX,,17.78180961,-64.7565046,,*Tag used for multiple corals,,,,
6/6/2022,SRA_019,G1882,90,13:18,PAST,Sesno,STX,,17.78180961,-64.7565046,,,,,,
6/6/2022,SRA_020,G1700,26,12:08,OANN,KA,STX,,17.78219081,-64.75704599,,,,,,
6/6/2022,SRA_021,G1696,27,12:13,OFRA,KA,STX,,17.78217439,-64.75700987,,*Tag used for multiple corals,,,,
6/6/2022,SRA_022,G1696,28,12:13,PAST,KA,STX,,17.78217439,-64.75700987,,*Tag used for multiple corals,,,,
6/6/2022,SRA_023,G1697,29,12:20,OFAV,KA,STX,,17.78213901,-64.7569175,,*Tag used for multiple corals,,,,
6/6/2022,SRA_024,G1697,30,12:20,PAST,KA,STX,,17.78213901,-64.7569175,,*Tag used for multiple corals,,,,
6/6/2022,SRA_025,G1656,31,12:25,OANN,KA,STX,,17.78205318,-64.75679747,,,,,,
6/6/2022,SRA_026,G1657,32,12:28,OFAV,KA,STX,,17.78200717,-64.75681239,,,,,,
6/6/2022,SRA_027,G1658,33,12:31,OFAV,KA,STX,,17.78198965,-64.75678842,,,,,,
6/6/2022,SRA_028,G1659,50,12:34,APAL,KA,STX,,17.78196995,-64.75680753,,*Tag used for multiple corals,,,,
6/6/2022,SRA_029,G1659,49,12:34,PSTR,KA,STX,,17.78196995,-64.75680753,,*Tag used for multiple corals,,,,
6/6/2022,SRA_030,G1666,48,12:39,OFRA,KA,STX,,17.78195553,-64.756745,,,,,,
6/6/2022,SRA_031,G1660,47,12:44,PSTR,KA,STX,,17.78192385,-64.75674148,,*Tag used for multiple corals,,,,
6/6/2022,SRA_032,G1660,46,12:44,PAST,KA,STX,,17.78192385,-64.75674148,,*Tag used for multiple corals,,,,
6/6/2022,SRA_033,G1667,45,12:48,OANN,KA,STX,,17.78190734,-64.75670409,,*Tag used for multiple corals,,,,
6/6/2022,SRA_034,G1667,44,12:48,PAST,KA,STX,,17.78190734,-64.75670409,,*Tag used for multiple corals,,,,
6/6/2022,SRA_035,G1676,43,12:51,OANN,KA,STX,,17.78189787,-64.75668917,,*Tag used for multiple corals,,,,
6/6/2022,SRA_036,G1676,42,12:51,PAST,KA,STX,,17.78189787,-64.75668917,,*Tag used for multiple corals,,,,
6/6/2022,SRA_037,G1668,41,12:56,OANN,KA,STX,,17.78189066,-64.75658666,,*Tag used for multiple corals,,,,
6/6/2022,SRA_038,G1668,34,12:56,PAST,KA,STX,,17.78189066,-64.75658666,,*Tag used for multiple corals,,,,
6/6/2022,SRA_039,G1669,40,13:05,OFAV,KA,STX,,17.78185487,-64.75659412,,*Tag used for multiple corals,,,,
6/6/2022,SRA_040,G1669,39,13:05,OANN,KA,STX,,17.78185487,-64.75659412,,*Tag used for multiple corals,,,,
6/6/2022,SRA_041,G1669,38,13:05,PAST,KA,STX,,17.78185487,-64.75659412,,*Tag used for multiple corals,,,,
6/6/2022,SRA_042,G1670,37,13:09,OANN,KA,STX,,17.78181732,-64.75655431,,*Tag used for multiple corals,,,,
6/6/2022,SRA_043,G1670,35,13:09,PAST,KA,STX,,17.78181732,-64.75655431,,*Tag used for multiple corals,,,,
6/6/2022,SRA_044,G1677,36,13:14,OANN,KA,STX,,17.78181237,-64.75653855,,,,,,
6/6/2022,SRA_045,G1678,86,13:21,OFAV,KA,STX,,17.78177122,-64.75649564,,,,,,
6/7/2022,SRA_046,G1606,77,8:25,OFAV,Sesno,STX,,,,,*Tag used for multiple corals,,,,
6/7/2022,SRA_047,G1606,71,8:25,PAST,Sesno,STX,,,,,*Tag used for multiple corals,,,,
6/7/2022,SRA_048,G1607,72,8:32,OFAV,Sesno,STX,,,,,,,,,
6/7/2022,SRA_049,G1608,74,8:37,OANN,Sesno,STX,,,,,,,,,
6/7/2022,SRA_050,G1616,76,8:43,OANN,Sesno,STX,,,,,,,,,
6/7/2022,SRA_051,G1609,82,8:49,OFAV,Sesno,STX,,,,,Disease; sampled from non diseased side,,,,
6/7/2022,SRA_052,G1610,73,8:54,APAL,Sesno,STX,,,,,,,,,
6/7/2022,SRA_053,G1617,89,8:59,APAL,Sesno,STX,,,,,,,,,
6/7/2022,SRA_054,G1626,88,9:02,PSTR,Sesno,STX,,,,,,,,,
6/7/2022,SRA_055,G1626,78,9:02,APAL,Sesno,STX,,,,,*Tag used for multiple corals,,,,
6/7/2022,SRA_056,G1618,83,9:09,PSTR,Sesno,STX,,,,,*Tag used for multiple corals,,,,
6/7/2022,SRA_057,G1636,81,9:13,PSTR,Sesno,STX,,,,,*Tag used for multiple corals,,,,
6/7/2022,SRA_058,G1636,80,9:13,APAL,Sesno,STX,,,,,*Tag used for multiple corals,,,,
6/7/2022,SRA_059,G1619,79,9:18,PSTR,Sesno,STX,,,,,,,,,
6/7/2022,SRA_060,G1620,87,9:25,APAL,Sesno,STX,,,,,,,,,
6/7/2022,SRA_061,G1627,75,9:29,PSTR,Sesno,STX,,,,,*Tag used for multiple corals,,,,
6/7/2022,SRA_062,G1627,84,9:29,APAL,Sesno,STX,,,,,*Tag used for multiple corals,,,,
6/7/2022,SRA_063,G1628,85,9:35,APAL,Sesno,STX,,,,,*Tag used for multiple corals,,,,
6/7/2022,SRA_064,G1628,90,9:35,PSTR,Sesno,STX,,,,,*Tag used for multiple corals,,,,
6/7/2022,SRA_065,G1637,86,9:44,PSTR,Sesno,STX,,,,,*Tag used for multiple corals,,,,
6/7/2022,SRA_066,G1637,51,9:44,APAL,Sesno,STX,,,,,*Tag used for multiple corals,,,,
6/7/2022,SRA_067,G1022,25,8:28,OANN,KA,STX,,,,,*Tag used for multiple corals,,,,
6/7/2022,SRA_068,G1022,24,8:28,PAST,KA,STX,,,,,*Tag used for multiple corals,,,,
6/7/2022,SRA_069,G1023,15,8:33,OFAV,KA,STX,,,,,*Tag used for multiple corals,,,,
6/7/2022,SRA_070,G1023,23,8:33,OANN,KA,STX,,,,,*Tag used for multiple corals,,,,
6/7/2022,SRA_071,G1208,22,8:43,OFAV,KA,STX,,,,,,,,,
6/7/2022,SRA_072,G1209,32,8:49,OFAV,KA,STX,,,,,,,,,
6/7/2022,SRA_073,G1216,21,8:53,PSTR,KA,STX,,,,,,,,,
6/7/2022,SRA_074,G1210,20,8:57,APAL,KA,STX,,,,,,,,,
6/7/2022,SRA_075,G1217,19,8:59,PSTR,KA,STX,,,,,,,,,
6/7/2022,SRA_076,G1218,18,9:01,PSTR,KA,STX,,,,,,,,,
6/7/2022,SRA_077,G1226,16,9:05,APAL,KA,STX,,,,,*Tag used for multiple corals,,,,
6/7/2022,SRA_078,G1226,17,9:05,PSTR,KA,STX,,,,,*Tag used for multiple corals,,,,
6/7/2022,SRA_079,G1219,14,9:09,APAL,KA,STX,,,,,,,,,
6/7/2022,SRA_080,G1220,13,9:12,PSTR,KA,STX,,,,,,,,,
6/7/2022,SRA_081,G1227,12,9:13,APAL,KA,STX,,,,,,,,,
6/7/2022,SRA_082,G1228,11,9:18,PSTR,KA,STX,,,,,,,,,
6/7/2022,SRA_083,G1236,10,9:21,APAL,KA,STX,,,,,,,,,
6/7/2022,SRA_084,G1229,9,9:23,PSTR,KA,STX,,,,,,,,,
6/7/2022,SRA_085,G1230,8,9:27,APAL,KA,STX,,,,,,,,,
6/7/2022,SRA_086,G1237,7,9:29,APAL,KA,STX,,,,,,,,,
6/7/2022,SRA_087,G1238,43,9:33,APAL,KA,STX,,,,,,,,,
6/7/2022,SRA_088,G1239,6,9:36,APAL,KA,STX,,,,,,,,,
6/7/2022,SRA_089,G1240,5,9:40,APAL,KA,STX,,,,,,,,,
6/7/2022,SRA_090,G1246,1,9:45,APAL,KA,STX,,,,,,,,,
6/7/2022,SRA_091,G1247,2,9:48,APAL,KA,STX,,,,,,,,,
6/7/2022,BIA_001,G1856,73,15:09,PAST,Sesno,STX,,,,,,,,,
6/7/2022,BIA_002,G1857,80,15:12,PAST,Sesno,STX,,,,,*Tag used for multiple corals,,,,
6/7/2022,BIA_003,G1857,85,15:12,PSTR,Sesno,STX,,,,,*Tag used for multiple corals,,,,
6/7/2022,BIA_004,G1866,90,15:18,PSTR,Sesno,STX,,,,,*Tag used for multiple corals,,,,
6/7/2022,BIA_005,G1866,88,15:18,PAST,Sesno,STX,,,,,*Tag used for multiple corals,,,,
6/7/2022,BIA_006,G1858,72,15:25,PSTR,Sesno,STX,,,,,*Tag used for multiple corals,,,,
6/7/2022,BIA_007,G1858,77,15:25,PAST,Sesno,STX,,,,,*Tag used for multiple corals,,,,
6/7/2022,BIA_008,G1859,81,15:31,PAST,Sesno,STX,,,,,*Tag used for multiple corals,,,,
6/7/2022,BIA_009,G1859,84,15:31,PSTR,Sesno,STX,,,,,*Tag used for multiple corals,,,,
6/7/2022,BIA_010,G1867,79,15:38,PSTR,Sesno,STX,,,,,,,,,
6/7/2022,BIA_011,G1868,71,15:43,PSTR,Sesno,STX,,,,,*Tag used for multiple corals,,,,
6/7/2022,BIA_012,G1868,75,15:43,PAST,Sesno,STX,,,,,*Tag used for multiple corals,,,,
6/7/2022,BIA_013,G1860,76,15:51,PAST,Sesno,STX,,,,,*Tag used for multiple corals,,,,
6/7/2022,BIA_014,G1860,86,15:51,PSTR,Sesno,STX,,,,,*Tag used for multiple corals,,,,
6/7/2022,BIA_015,G1851,36,15:13,PSTR,KA,STX,,,,,*Tag used for multiple corals,,,,
6/7/2022,BIA_016,G1851,47,15:13,PAST,KA,STX,,,,,*Tag used for multiple corals,,,,
6/7/2022,BIA_017,G1852,49,15:17,PSTR,KA,STX,,,,,*Tag used for multiple corals,,,,
6/7/2022,BIA_018,G1852,35,15:17,PAST,KA,STX,,,,,*Tag used for multiple corals,,,,
6/7/2022,BIA_019,G1853,41,15:24,PSTR,KA,STX,,,,,*Tag used for multiple corals,,,,
6/7/2022,BIA_020,G1853,4,15:24,PAST,KA,STX,,,,,*Tag used for multiple corals,,,,
6/7/2022,BIA_021,G1854,44,15:31,PSTR,KA,STX,,,,,*Tag used for multiple corals,,,,
6/7/2022,BIA_022,G1854,29,15:31,PAST,KA,STX,,,,,*Tag used for multiple corals,,,,
6/7/2022,BIA_023,G1855,39,15:35,PSTR,KA,STX,,,,,*Tag used for multiple corals,,,,
6/7/2022,BIA_024,G1855,34,15:35,PAST,KA,STX,,,,,*Tag used for multiple corals,,,,
6/7/2022,BIA_025,G1863,42,15:39,PSTR,KA,STX,,,,,*Tag used for multiple corals,,,,
6/7/2022,BIA_026,G1863,28,15:39,PAST,KA,STX,,,,,*Tag used for multiple corals,,,,
6/7/2022,BIA_027,G1864,48,15:42,PSTR,KA,STX,,,,,*Tag used for multiple corals,,,,
6/7/2022,BIA_028,G1864,46,15:42,PAST,KA,STX,,,,,*Tag used for multiple corals,,,,
6/7/2022,BIA_029,G1865,37,15:48,PSTR,KA,STX,,,,,*Tag used for multiple corals,,,,
6/7/2022,BIA_030,G1865,45,15:48,PAST,KA,STX,,,,,*Tag used for multiple corals,,,,
6/7/2022,BIA_031,G1861,27,15:52,PSTR,KA,STX,,,,,*Tag used for multiple corals,,,,
6/7/2022,BIA_032,G1861,30,15:52,PAST,KA,STX,,,,,*Tag used for multiple corals,,,,