"","Date","VialID","Tag..","Time","Latitude","Longitude","lat","lon"
"1","5/7/2022","SAP_001","323","13:35",18.33555,-64.8488,NA,NA
"2","5/7/2022","SAP_002","323","13:39",18.33556,-64.8488,NA,NA
"3","5/7/2022","SAP_003","G2810","13:39",18.33556,-64.8488,NA,NA
"4","5/7/2022","SAP_004","370","13:43",18.33562,-64.8488,NA,NA
"5","5/7/2022","SAP_005","G2807","13:48",18.33562,-64.8487,NA,NA
"6","5/7/2022","SAP_006","336","13:49",18.33563,-64.8487,NA,NA
"7","5/7/2022","SAP_007","G2808","13:51",18.33563,-64.8487,NA,NA
"8","5/7/2022","SAP_008","G2809","13:54",18.33563,-64.8486,NA,NA
"9","5/7/2022","SAP_009","G2806","13:54",18.33563,-64.8486,NA,NA
"10","5/7/2022","SAP_010","G2816","13:56",18.33563,-64.8486,NA,NA
"11","5/7/2022","SAP_011","G2817","13:56",18.33563,-64.8486,NA,NA
"12","5/7/2022","SAP_012","G2806","13:57",18.33563,-64.8486,NA,NA
"13","5/7/2022","SAP_013","357","14:04",18.33563,-64.8484,NA,NA
"14","5/7/2022","SAP_014","303","14:07",18.33563,-64.8484,NA,NA
"15","5/7/2022","SAP_015","G2818","14:07",18.33563,-64.8484,NA,NA
"16","5/7/2022","SAP_016","G2819","14:12",18.33576,-64.8484,NA,NA
"17","5/7/2022","SAP_017","307","14:13",18.33576,-64.8484,NA,NA
"18","5/7/2022","SAP_018","G2820","14:16",18.33578,-64.8483,NA,NA
"19","5/7/2022","SAP_019","390","14:19",18.33571,-64.8483,NA,NA
"20","5/7/2022","SAP_020","G2826","14:20",18.33572,-64.8483,NA,NA
"21","5/7/2022","SAP_021","G2830","14:25",18.33574,-64.8482,NA,NA
"22","5/7/2022","SAP_022","342","14:28",18.33574,-64.8482,NA,NA
"23","5/7/2022","SAP_023","G2827","14:30",18.33573,-64.8482,NA,NA
"24","5/7/2022","SAP_024","342","14:34",18.33573,-64.8483,NA,NA
"25","5/7/2022","SAP_025","342","14:31",18.33573,-64.8482,NA,NA
"26","5/10/2022","SAP_026","G2030","13:47",18.33571,-64.848,NA,NA
"27","5/10/2022","SAP_027","G2030","13:50",18.33573,-64.848,NA,NA
"28","5/10/2022","SAP_028","G2036","13:58",18.33571,-64.8478,NA,NA
"29","5/10/2022","SAP_029","G2026","14:03",18.33565,-64.8477,NA,NA
"30","5/10/2022","SAP_030","G2027","14:10",18.33551,-64.8477,NA,NA
"31","5/10/2022","SAP_031","G2028","14:14",18.33541,-64.8477,NA,NA
"32","5/10/2022","SAP_032","G2029","14:20",18.33543,-64.8476,NA,NA
"33","5/10/2022","SAP_033","G2029","14:23",18.33533,-64.8478,NA,NA
"34","5/10/2022","SAP_034","G2849","14:32",18.33525,-64.8477,NA,NA
"35","5/10/2022","SAP_035","G2849","14:29",18.33524,-64.8477,NA,NA
"36","5/10/2022","SAP_036","G2850","14:45",18.33511,-64.8469,NA,NA
"37","5/10/2022","SAP_037","G2042","14:50",18.33529,-64.8469,NA,NA
"38","5/10/2022","SAP_038","G2042","14:53",18.33522,-64.847,NA,NA
"39","5/10/2022","SAP_039","G2035","15:01",18.33522,-64.8473,NA,NA
"40","5/10/2022","SAP_040","G2041","13:47",18.33571,-64.848,NA,NA
"41","5/10/2022","SAP_041","G2041","13:47",18.33571,-64.848,NA,NA
"42","5/10/2022","SAP_042","G2848","13:53",18.33567,-64.8479,NA,NA
"43","5/10/2022","SAP_043","G2846","13:57",18.33571,-64.8478,NA,NA
"44","5/10/2022","SAP_044","G2847","14:01",18.33563,-64.8477,NA,NA
"45","5/10/2022","SAP_045","G2840","14:06",18.33554,-64.8478,NA,NA
"46","5/10/2022","SAP_046","G2839","14:10",18.33551,-64.8477,NA,NA
"47","5/10/2022","SAP_047","G2838","14:15",18.33542,-64.8476,NA,NA
"48","5/10/2022","SAP_048","G2838","14:15",18.33542,-64.8476,NA,NA
"49","5/10/2022","SAP_049","G2838","14:15",18.33542,-64.8476,NA,NA
"50","5/10/2022","SAP_050","G2829","14:23",18.33533,-64.8478,NA,NA
"51","5/10/2022","SAP_051","G2837","14:26",18.3353,-64.8478,NA,NA
"52","5/10/2022","SAP_052","G2836","14:46",18.33511,-64.8469,NA,NA
"53","5/10/2022","SAP_053","G2801","14:52",18.33522,-64.847,NA,NA
"54","5/10/2022","SAP_054","G2495","14:58",18.33524,-64.8471,NA,NA
"55","5/10/2022","SAP_055","348","13:48",18.33573,-64.848,NA,NA
"56","5/10/2022","SAP_056","348","13:48",18.33573,-64.848,NA,NA
"57","5/10/2022","SAP_057","476","13:57",18.33571,-64.8478,NA,NA
"58","5/10/2022","SAP_058","476","13:57",18.33571,-64.8478,NA,NA
"59","5/10/2022","SAP_059","425","14:02",18.33564,-64.8477,NA,NA
"60","5/10/2022","SAP_060","457","14:08",18.33551,-64.8478,NA,NA
"61","5/10/2022","SAP_061","481","14:12",18.33551,-64.8477,NA,NA
"62","5/10/2022","SAP_062","481","14:12",18.33551,-64.8477,NA,NA
"63","5/10/2022","SAP_063","359","14:17",18.33541,-64.8476,NA,NA
"64","5/10/2022","SAP_064","359","14:17",18.33541,-64.8476,NA,NA
"65","5/10/2022","SAP_065","427","14:24",18.33533,-64.8478,NA,NA
"66","5/10/2022","SAP_066","475","14:35",18.33488,-64.8474,NA,NA
"67","5/10/2022","SAP_067","428","14:36",18.33492,-64.8472,NA,NA
"68","5/10/2022","SAP_068","445","14:46",18.33511,-64.8469,NA,NA
"69","5/10/2022","SAP_069","389","14:51",18.33528,-64.847,NA,NA
"70","5/10/2022","SAP_070","372","15:02",18.33519,-64.8474,NA,NA
"71","5/10/2022","MEG_001","G2815","12:24",NA,NA,NA,NA
"72","5/10/2022","MEG_002","G2821","12:27",NA,NA,NA,NA
"73","5/10/2022","MEG_003","G2822","12:29",NA,NA,NA,NA
"74","5/10/2022","MEG_004","G2823","12:33",NA,NA,NA,NA
"75","5/10/2022","MEG_005","G2824","12:36",NA,NA,NA,NA
"76","5/10/2022","MEG_006","G2831","12:42",NA,NA,NA,NA
"77","5/10/2022","MEG_007","G2825","12:45",NA,NA,NA,NA
"78","5/10/2022","MEG_008","G2823","12:48",NA,NA,NA,NA
"79","5/10/2022","MEG_009","G2833","12:50",NA,NA,NA,NA
"80","5/10/2022","MEG_010","G2841","12:53",NA,NA,NA,NA
"81","5/10/2022","MEG_011","G2834","12:56",NA,NA,NA,NA
"82","5/10/2022","MEG_012","G2835","12:58",NA,NA,NA,NA
"83","5/10/2022","MEG_013","G2842","14:55",NA,NA,NA,NA
"84","5/10/2022","MEG_014","G2843","15:00",NA,NA,NA,NA
"85","5/10/2022","MEG_015","G2844","15:04",NA,NA,NA,NA
"86","5/10/2022","MEG_016","G2845","15:07",NA,NA,NA,NA
"87","5/10/2022","MEG_017","G2856","15:10",NA,NA,NA,NA
"88","5/10/2022","MEG_018","G2857","15:13",NA,NA,NA,NA
"89","5/10/2022","MEG_019","G2858","15:15",NA,NA,NA,NA
"90","5/10/2022","MEG_020","G2859","15:20",NA,NA,NA,NA
"91","5/10/2022","MEG_021","G2860","15:23",NA,NA,NA,NA
"92","5/10/2022","MEG_022","G2866","15:26",NA,NA,NA,NA
"93","5/10/2022","MEG_023","G2867","15:30",NA,NA,NA,NA
"94","5/10/2022","MEG_024","G2868","15:35",NA,NA,NA,NA
"95","5/10/2022","MEG_025","G2876","15:38",NA,NA,NA,NA
"96","5/10/2022","MEG_026","G2869","15:44",NA,NA,NA,NA
"97","5/10/2022","MEG_027","G2870","15:47",NA,NA,NA,NA
"98","5/10/2022","MEG_028","G2877","15:50",NA,NA,NA,NA
"99","5/10/2022","MEG_029","G2878","15:56",NA,NA,NA,NA
"100","5/10/2022","MEG_030","G2879","15:59",NA,NA,NA,NA
"101","5/10/2022","MEG_031","G2880","16:02",NA,NA,NA,NA
"102","5/10/2022","MEG_032","G2886","16:06",NA,NA,NA,NA
"103","5/10/2022","MEG_033","G2887?","16:08",NA,NA,NA,NA
"104","5/9/2022","IBR_001","3378","11:17",NA,NA,NA,NA
"105","5/9/2022","IBR_002","3380","11:16",NA,NA,NA,NA
"106","5/9/2022","IBR_003","3383","11:20",NA,NA,NA,NA
"107","5/9/2022","IBR_004","3370","11:28",NA,NA,NA,NA
"108","5/9/2022","IBR_005","3362","11:34",NA,NA,NA,NA
"109","5/9/2022","IBR_006","3373","11:42",NA,NA,NA,NA
"110","5/9/2022","IBR_007","306","11:51",NA,NA,NA,NA
"111","5/9/2022","IBR_008","306","11:54",NA,NA,NA,NA
"112","5/9/2022","IBR_009","361","12:03",NA,NA,NA,NA
"113","5/9/2022","IBR_010","362","12:09",NA,NA,NA,NA
"114","5/9/2022","IBR_011","3358","12:23",NA,NA,NA,NA
"115","5/9/2022","IBR_012","3355","12:25",NA,NA,NA,NA
"116","5/9/2022","IBR_013","366","12:42",NA,NA,NA,NA
"117","5/9/2022","IBR_014","311","12:47",NA,NA,NA,NA
"118","5/9/2022","IBR_015","305","13:02",NA,NA,NA,NA
"119","5/9/2022","IBR_016","305","13:05",NA,NA,NA,NA
"120","5/9/2022","IBR_017","380","13:07",NA,NA,NA,NA
"121","5/9/2022","IBR_018","449","14:18",NA,NA,NA,NA
"122","5/9/2022","IBR_019","449","14:20",NA,NA,NA,NA
"123","5/9/2022","IBR_020","426","14:25",NA,NA,NA,NA
"124","5/9/2022","IBR_021","480","14:31",NA,NA,NA,NA
"125","5/9/2022","IBR_022","480","14:33",NA,NA,NA,NA
"126","5/9/2022","IBR_023","429","14:36",NA,NA,NA,NA
"127","5/9/2022","IBR_024","474","14:42",NA,NA,NA,NA
"128","5/9/2022","IBR_025","450","14:47",NA,NA,NA,NA
"129","5/9/2022","IBR_026","455","14:53",NA,NA,NA,NA
"130","5/9/2022","IBR_027","455","14:56",NA,NA,NA,NA
"131","5/9/2022","IBR_028","424","14:59",NA,NA,NA,NA
"132","5/9/2022","IBR_029","377","15:06",NA,NA,NA,NA
"133","5/9/2022","IBR_030","473","15:15",NA,NA,NA,NA
"134","5/9/2022","IBR_031","473","15:18",NA,NA,NA,NA
"135","5/9/2022","IBR_032","454","15:22",NA,NA,NA,NA
"136","5/9/2022","IBR_033","3381","11:06",NA,NA,NA,NA
"137","5/9/2022","IBR_034","3382","11:10",NA,NA,NA,NA
"138","5/9/2022","IBR_035","3374","11:13",NA,NA,NA,NA
"139","5/9/2022","IBR_036","3379","11:16",NA,NA,NA,NA
"140","5/9/2022","IBR_037","3385","11:19",NA,NA,NA,NA
"141","5/9/2022","IBR_038","3376","11:22",NA,NA,NA,NA
"142","5/9/2022","IBR_039","3365","11:29",NA,NA,NA,NA
"143","5/9/2022","IBR_040","3367","11:32",NA,NA,NA,NA
"144","5/9/2022","IBR_041","3372","11:34",NA,NA,NA,NA
"145","5/9/2022","IBR_042","G2828","11:43",NA,NA,NA,NA
"146","5/9/2022","IBR_043","3364","11:47",NA,NA,NA,NA
"147","5/9/2022","IBR_044","3371","11:52",NA,NA,NA,NA
"148","5/9/2022","IBR_045","G2335","11:56",NA,NA,NA,NA
"149","5/9/2022","IBR_046","G2341","12:05",NA,NA,NA,NA
"150","5/9/2022","IBR_047","G2323","12:09",NA,NA,NA,NA
"151","5/9/2022","IBR_048","3361","12:19",NA,NA,NA,NA
"152","5/9/2022","IBR_049","3356","12:22",NA,NA,NA,NA
"153","5/9/2022","IBR_050","3359","12:25",NA,NA,NA,NA
"154","5/9/2022","IBR_051","3351","12:28",NA,NA,NA,NA
"155","5/9/2022","IBR_052","3352","12:33",NA,NA,NA,NA
"156","5/9/2022","IBR_053","3350","12:38",NA,NA,NA,NA
"157","5/9/2022","IBR_054","G2005","12:44",NA,NA,NA,NA
"158","5/9/2022","IBR_055","G2331","14:19",NA,NA,NA,NA
"159","5/9/2022","IBR_056","G2333","14:23",NA,NA,NA,NA
"160","5/9/2022","IBR_057","G2007","14:28",NA,NA,NA,NA
"161","5/9/2022","IBR_058","G2324","14:33",NA,NA,NA,NA
"162","5/9/2022","IBR_059","G2332","14:37",NA,NA,NA,NA
"163","5/9/2022","IBR_060","G2008","14:42",NA,NA,NA,NA
"164","5/9/2022","IBR_061","G2008","14:44",NA,NA,NA,NA
"165","5/9/2022","IBR_062","G2010","14:48",NA,NA,NA,NA
"166","5/9/2022","IBR_063","G2010","14:53",NA,NA,NA,NA
"167","5/9/2022","IBR_064","G2034","14:54",NA,NA,NA,NA
"168","5/9/2022","IBR_065","G2016","14:56",NA,NA,NA,NA
"169","5/9/2022","IBR_066","G2325","15:03",NA,NA,NA,NA
"170","5/9/2022","IBR_067","G2325","15:06",NA,NA,NA,NA
"171","5/9/2022","IBR_068","G2017","15:11",NA,NA,NA,NA
"172","5/9/2022","IBR_069","G2018","15:16",NA,NA,NA,NA
"173","5/9/2022","IBR_070","G2019","15:18",NA,NA,NA,NA
"174","5/9/2022","IBR_071","3275","11:07",NA,NA,NA,NA
"175","5/9/2022","IBR_072","3384","11:10",NA,NA,NA,NA
"176","5/9/2022","IBR_073","3377","11:18",NA,NA,NA,NA
"177","5/9/2022","IBR_074","3369","11:24",NA,NA,NA,NA
"178","5/9/2022","IBR_075","3368","11:27",NA,NA,NA,NA
"179","5/9/2022","IBR_076","317/311?","11:34",NA,NA,NA,NA
"180","5/9/2022","IBR_077","304","11:41",NA,NA,NA,NA
"181","5/9/2022","IBR_078","3366","11:45",NA,NA,NA,NA
"182","5/9/2022","IBR_079","329","11:49",NA,NA,NA,NA
"183","5/9/2022","IBR_080","326","11:56",NA,NA,NA,NA
"184","5/9/2022","IBR_081","317","12:08",NA,NA,NA,NA
"185","5/9/2022","IBR_082","3353","12:20",NA,NA,NA,NA
"186","5/9/2022","IBR_083","3360","12:24",NA,NA,NA,NA
"187","5/9/2022","IBR_084","3354","12:30",NA,NA,NA,NA
"188","5/9/2022","IBR_085","353","12:42",NA,NA,NA,NA
"189","5/9/2022","IBR_086","353","12:45",NA,NA,NA,NA
"190","5/9/2022","IBR_087","341","12:59",NA,NA,NA,NA
"191","5/9/2022","IBR_088","322","13:01",NA,NA,NA,NA
"192","5/9/2022","IBR_089","322","13:03",NA,NA,NA,NA
"193","5/9/2022","IBR_090","395","13:10",NA,NA,NA,NA
"194","5/9/2022","IBR_091","395","13:11",NA,NA,NA,NA
"195","5/9/2022","IBR_092","337","14:18",NA,NA,NA,NA
"196","5/9/2022","IBR_093","337","14:18",NA,NA,NA,NA
"197","5/9/2022","IBR_094","337","14:18",NA,NA,NA,NA
"198","5/9/2022","IBR_095","343","14:30",NA,NA,NA,NA
"199","5/9/2022","IBR_096","343","14:30",NA,NA,NA,NA
"200","5/9/2022","IBR_097","343","14:30",NA,NA,NA,NA
"201","5/9/2022","IBR_098","302","14:34",NA,NA,NA,NA
"202","5/9/2022","IBR_099","324","14:36",NA,NA,NA,NA
"203","5/9/2022","IBR_100","324","14:36",NA,NA,NA,NA
"204","5/9/2022","IBR_101","393","14:43",NA,NA,NA,NA
"205","5/9/2022","IBR_102","393","14:43",NA,NA,NA,NA
"206","5/9/2022","IBR_103","389","14:49",NA,NA,NA,NA
"207","5/9/2022","IBR_104","389","14:49",NA,NA,NA,NA
"208","5/9/2022","IBR_105","355","14:56",NA,NA,NA,NA
"209","5/9/2022","IBR_106","391","15:00",NA,NA,NA,NA
"210","5/9/2022","IBR_107","391","15:00",NA,NA,NA,NA
"211","5/9/2022","IBR_108","375","15:08",NA,NA,NA,NA
"212","5/9/2022","IBR_109","347","15:12",NA,NA,NA,NA
"213","5/9/2022","IBR_110","347","15:12",NA,NA,NA,NA
"214","5/9/2022","IBR_111","396","15:22",NA,NA,NA,NA
"215","5/9/2022","SEA_001","G2394","11:32",NA,NA,NA,NA
"216","5/9/2022","SEA_002","G2802","11:42",NA,NA,NA,NA
"217","5/9/2022","SEA_003","G2807","14:02",NA,NA,NA,NA
"218","5/9/2022","SEA_004","G2811","14:05",NA,NA,NA,NA
"219","5/9/2022","SEA_005","G2804","14:10",NA,NA,NA,NA
"220","5/9/2022","SEA_006","G2805","14:12",NA,NA,NA,NA
"221","5/9/2022","SEA_007","G2812","14:17",NA,NA,NA,NA
"222","5/9/2022","SEA_008","G2813","14:19",NA,NA,NA,NA
"223","5/9/2022","SEA_009","G2814","14:22",NA,NA,NA,NA
"224","5/11/2022","MEG_034","468","15:17",18.37155,-64.928,NA,NA
"225","5/11/2022","MEG_035","460","15:22",18.37155,-64.928,NA,NA
"226","5/11/2022","MEG_036","460","15:23",18.37155,-64.928,NA,NA
"227","5/11/2022","MEG_037","441","15:33",18.37155,-64.928,NA,NA
"228","5/11/2022","MEG_038","441","15:33",18.37155,-64.928,NA,NA
"229","5/11/2022","MEG_039","493","15:37",18.37155,-64.928,NA,NA
"230","5/11/2022","MEG_040","493","15:40",18.37155,-64.928,NA,NA
"231","5/11/2022","MEG_041","467","15:45",18.37155,-64.928,NA,NA
"232","5/11/2022","MEG_042","467","15:48",18.37155,-64.928,NA,NA
"233","5/11/2022","MEG_043","431","15:56",18.37155,-64.928,NA,NA
"234","5/11/2022","MEG_044","431","15:58",18.37155,-64.928,NA,NA
"235","5/11/2022","MEG_045","416","16:06",18.37155,-64.928,NA,NA
"236","5/11/2022","MEG_046","401","16:13",18.37155,-64.928,NA,NA
"237","5/11/2022","MEG_047","405","16:17",18.37155,-64.928,NA,NA
"238","5/11/2022","MEG_048","404","16:29",18.37155,-64.928,NA,NA
"239","5/11/2022","MEG_049","413","16:51",18.37155,-64.928,NA,NA
"240","5/11/2022","MEG_050","435","16:54",18.37155,-64.928,NA,NA
"241","5/11/2022","MEG_051","421","16:58",18.37155,-64.928,NA,NA
"242","5/11/2022","MEG_052","444","17:08",18.37155,-64.928,NA,NA
"243","5/11/2022","MEG_053","334","15:18",18.37155,-64.928,NA,NA
"244","5/11/2022","MEG_054","335","15:23",18.37155,-64.928,NA,NA
"245","5/11/2022","MEG_055","335","15:23",18.37155,-64.928,NA,NA
"246","5/11/2022","MEG_056","382","15:31",18.37155,-64.928,NA,NA
"247","5/11/2022","MEG_057","382","15:31",18.37155,-64.928,NA,NA
"248","5/11/2022","MEG_058","371","15:37",18.37155,-64.928,NA,NA
"249","5/11/2022","MEG_059","371","15:37",18.37155,-64.928,NA,NA
"250","5/11/2022","MEG_060","371","15:37",18.37155,-64.928,NA,NA
"251","5/11/2022","MEG_061","321","15:45",18.37155,-64.928,NA,NA
"252","5/11/2022","MEG_062","394","15:51",18.37155,-64.928,NA,NA
"253","5/11/2022","MEG_063","423","15:56",18.37155,-64.928,NA,NA
"254","5/11/2022","MEG_064","423","15:56",18.37155,-64.928,NA,NA
"255","5/11/2022","MEG_065","358","16:00",18.37155,-64.928,NA,NA
"256","5/11/2022","MEG_066","310","16:06",18.37155,-64.928,NA,NA
"257","5/11/2022","MEG_067","310","16:06",18.37155,-64.928,NA,NA
"258","5/11/2022","MEG_068","381","16:13",18.37155,-64.928,NA,NA
"259","5/11/2022","MEG_069","379","16:17",18.37155,-64.928,NA,NA
"260","5/11/2022","MEG_070","325","16:53",18.37155,-64.928,NA,NA
"261","5/13/2022","COK_001","436","13:58",NA,NA,NA,NA
"262","5/13/2022","COK_002","458","14:03",NA,NA,NA,NA
"263","5/13/2022","COK_003","458","14:03",NA,NA,NA,NA
"264","5/13/2022","COK_004","466","14:10",NA,NA,NA,NA
"265","5/13/2022","COK_005","466","14:10",NA,NA,NA,NA
"266","5/13/2022","COK_006","485","14:16",NA,NA,NA,NA
"267","5/13/2022","COK_007","485","14:16",NA,NA,NA,NA
"268","5/13/2022","COK_008","212","14:20",NA,NA,NA,NA
"269","5/13/2022","COK_009","463","14:25",NA,NA,NA,NA
"270","5/13/2022","COK_010","463","14:25",NA,NA,NA,NA
"271","5/13/2022","COK_011","463","14:25",NA,NA,NA,NA
"272","5/13/2022","COK_012","479","14:34",NA,NA,NA,NA
"273","5/13/2022","COK_013","479","14:34",NA,NA,NA,NA
"274","5/13/2022","COK_014","478","14:40",NA,NA,NA,NA
"275","5/13/2022","COK_015","478","14:40",NA,NA,NA,NA
"276","5/13/2022","COK_016","447","14:47",NA,NA,NA,NA
"277","5/13/2022","COK_017","406","14:51",NA,NA,NA,NA
"278","5/13/2022","COK_018","403","13:59",NA,NA,NA,NA
"279","5/13/2022","COK_019","437","14:05",NA,NA,NA,NA
"280","5/13/2022","COK_020","453","14:10",NA,NA,NA,NA
"281","5/13/2022","COK_021","453","14:10",NA,NA,NA,NA
"282","5/13/2022","COK_022","453","14:10",NA,NA,NA,NA
"283","5/13/2022","COK_023","432","14:20",NA,NA,NA,NA
"284","5/13/2022","COK_024","432","14:22",NA,NA,NA,NA
"285","5/13/2022","COK_025","432","14:23",NA,NA,NA,NA
"286","5/13/2022","COK_026","459","14:27",NA,NA,NA,NA
"287","5/13/2022","COK_027","418","14:30",NA,NA,NA,NA
"288","5/13/2022","COK_028","418","14:30",NA,NA,NA,NA
"289","5/13/2022","COK_029","414","14:44",NA,NA,NA,NA
"290","5/13/2022","COK_030","414","14:44",NA,NA,NA,NA
"291","5/13/2022","COK_031","414","14:44",NA,NA,NA,NA
"292","5/13/2022","COK_032","414","14:44",NA,NA,NA,NA
"293","5/13/2022","COK_033","G2050","14:02",NA,NA,NA,NA
"294","5/13/2022","COK_034","G2049","14:09",NA,NA,NA,NA
"295","5/13/2022","COK_035","G2048","14:14",NA,NA,NA,NA
"296","5/13/2022","COK_036","G2040","14:25",NA,NA,NA,NA
"297","5/13/2022","COK_037","G2047","14:28",NA,NA,NA,NA
"298","5/13/2022","COK_038","G2046","",NA,NA,NA,NA
"299","5/14/2022","BLP_001","439","9:35",18.34445,-64.9853,NA,NA
"300","5/14/2022","BLP_002","439","9:35",18.34445,-64.9853,NA,NA
"301","5/14/2022","BLP_003","402","9:41",18.34449,-64.9853,NA,NA
"302","5/14/2022","BLP_004","402","9:41",18.34449,-64.9853,NA,NA
"303","5/14/2022","BLP_005","408","9:46",18.34442,-64.9854,NA,NA
"304","5/14/2022","BLP_006","408","9:46",18.34442,-64.9854,NA,NA
"305","5/14/2022","BLP_007","408","9:46",18.34442,-64.9854,NA,NA
"306","5/14/2022","BLP_008","407","9:54",18.34442,-64.9855,NA,NA
"307","5/14/2022","BLP_009","407","9:54",18.34442,-64.9855,NA,NA
"308","5/14/2022","BLP_010","487","9:59",18.34446,-64.9856,NA,NA
"309","5/14/2022","BLP_011","487","9:59",18.34446,-64.9856,NA,NA
"310","5/14/2022","BLP_012","469","10:02",18.34451,-64.9856,NA,NA
"311","5/14/2022","BLP_013","469","10:02",18.34451,-64.9856,NA,NA
"312","5/14/2022","BLP_014","440","10:10",18.34461,-64.9855,NA,NA
"313","5/14/2022","BLP_015","440","10:10",18.34461,-64.9855,NA,NA
"314","5/14/2022","BLP_016","440","10:10",18.34461,-64.9855,NA,NA
"315","5/14/2022","BLP_017","486","10:17",18.34457,-64.9854,NA,NA
"316","5/14/2022","BLP_018","486","10:17",18.34457,-64.9854,NA,NA
"317","5/14/2022","BLP_019","486","10:17",18.34457,-64.9854,NA,NA
"318","5/14/2022","BLP_020","412","10:26",18.34459,-64.9854,NA,NA
"319","5/14/2022","BLP_021","412","10:26",18.34459,-64.9854,NA,NA
"320","5/14/2022","BLP_022","464","10:35",18.34471,-64.9853,NA,NA
"321","5/14/2022","BLP_023","464","10:35",18.34471,-64.9853,NA,NA
"322","5/14/2022","BLP_024","422","10:39",18.34472,-64.9853,NA,NA
"323","5/14/2022","BLP_025","442","10:43",18.34474,-64.9853,NA,NA
"324","5/14/2022","BLP_026","472","10:46",18.34472,-64.9853,NA,NA
"325","5/14/2022","BLP_027","327","10:51",18.34461,-64.9852,NA,NA
"326","5/14/2022","BLP_028","477","10:55",18.3446,-64.9852,NA,NA
"327","5/14/2022","BLP_029","492","9:29",18.34442,-64.9852,NA,NA
"328","5/14/2022","BLP_030","492","9:31",18.34442,-64.9852,NA,NA
"329","5/14/2022","BLP_031","494","9:34",18.34445,-64.9853,NA,NA
"330","5/14/2022","BLP_032","494","9:36",18.34444,-64.9853,NA,NA
"331","5/14/2022","BLP_033","495","9:40",18.3445,-64.9853,NA,NA
"332","5/14/2022","BLP_034","495","9:43",18.3445,-64.9854,NA,NA
"333","5/14/2022","BLP_035","484","9:46",18.34442,-64.9854,NA,NA
"334","5/14/2022","BLP_036","484","9:49",18.34442,-64.9854,NA,NA
"335","5/14/2022","BLP_037","484","9:51",18.34443,-64.9854,NA,NA
"336","5/14/2022","BLP_038","417","9:55",18.34443,-64.9855,NA,NA
"337","5/14/2022","BLP_039","417","9:57",18.34442,-64.9855,NA,NA
"338","5/14/2022","BLP_040","417","9:59",18.34446,-64.9856,NA,NA
"339","5/14/2022","BLP_041","483","10:03",18.34451,-64.9856,NA,NA
"340","5/14/2022","BLP_042","483","10:05",18.34451,-64.9856,NA,NA
"341","5/14/2022","BLP_043","483","10:08",18.34455,-64.9856,NA,NA
"342","5/14/2022","BLP_044","491","10:11",18.34461,-64.9855,NA,NA
"343","5/14/2022","BLP_045","491","10:14",18.34461,-64.9855,NA,NA
"344","5/14/2022","BLP_046","491","10:18",18.34458,-64.9854,NA,NA
"345","5/14/2022","BLP_047","452","10:22",18.34459,-64.9855,NA,NA
"346","5/14/2022","BLP_048","452","10:26",18.34459,-64.9854,NA,NA
"347","5/14/2022","BLP_049","320","10:30",18.34463,-64.9853,NA,NA
"348","5/14/2022","BLP_050","320","10:33",18.34471,-64.9853,NA,NA
"349","5/14/2022","BLP_051","320","10:35",18.34471,-64.9853,NA,NA
"350","5/14/2022","BLP_052","420","10:38",18.34472,-64.9853,NA,NA
"351","5/14/2022","BLP_053","420","10:40",18.34472,-64.9853,NA,NA
"352","5/14/2022","BLP_054","443","10:45",18.34471,-64.9853,NA,NA
"353","5/14/2022","BLP_055","443","10:50",18.3446,-64.9852,NA,NA
"354","5/16/2022","BUK_001","123","10:04",18.27832,-64.8989,NA,NA
"355","5/16/2022","BUK_002","139","10:08",18.27854,-64.899,NA,NA
"356","5/16/2022","BUK_003","376","10:15",18.27862,-64.8988,NA,NA
"357","5/16/2022","BUK_004","451","10:19",18.27861,-64.8989,NA,NA
"358","5/16/2022","BUK_005","451","10:19",18.27861,-64.8989,NA,NA
"359","5/16/2022","BUK_006","461","10:25",18.27865,-64.8988,NA,NA
"360","5/16/2022","BUK_007","461","10:25",18.27865,-64.8988,NA,NA
"361","5/16/2022","BUK_008","122","10:31",18.27858,-64.8988,NA,NA
"362","5/16/2022","BUK_009","138","10:34",18.27865,-64.8986,NA,NA
"363","5/16/2022","BUK_010","136","10:37",18.27869,-64.8985,NA,NA
"364","5/16/2022","BUK_011","136","10:37",18.27869,-64.8985,NA,NA
"365","5/16/2022","BUK_012","121","10:42",18.27874,-64.8984,NA,NA
"366","5/16/2022","BUK_013","121","10:42",18.27874,-64.8984,NA,NA
"367","5/16/2022","BUK_014","125","10:55",18.27866,-64.8985,NA,NA
"368","5/16/2022","BUK_015","124","11:03",18.27845,-64.8988,NA,NA
"369","5/16/2022","BUK_016","140","11:09",18.27841,-64.899,NA,NA
"370","5/16/2022","BUK_017","312","12:29",18.27805,-64.8986,NA,NA
"371","5/16/2022","BUK_018","346","12:33",18.27783,-64.8986,NA,NA
"372","5/16/2022","BUK_019","345","12:36",18.27782,-64.8986,NA,NA
"373","5/16/2022","BUK_020","314","12:43",18.27783,-64.8984,NA,NA
"374","5/16/2022","BUK_021","330","12:55",18.27775,-64.898,NA,NA
"375","5/16/2022","BUK_022","365","13:03",18.27782,-64.8979,NA,NA
"376","5/16/2022","BUK_023","365","13:03",18.27782,-64.8979,NA,NA
"377","5/16/2022","BUK_024","330","13:07",18.27779,-64.8979,NA,NA
"378","5/16/2022","BUK_025","378","13:11",18.27786,-64.8978,NA,NA
"379","5/16/2022","BUK_026","410","13:16",18.27791,-64.8978,NA,NA
"380","5/16/2022","BUK_027","419","13:22",18.27774,-64.898,NA,NA
"381","5/16/2022","BUK_028","419","13:24",18.27779,-64.8982,NA,NA
"382","5/16/2022","BUK_029","144","13:28",18.27787,-64.8985,NA,NA
"383","5/16/2022","BUK_030","434","13:32",18.27784,-64.8986,NA,NA
"384","5/16/2022","BUK_031","430","13:45",18.27795,-64.8989,NA,NA
"385","5/16/2022","BUK_032","127","13:53",18.27787,-64.899,NA,NA
"386","5/16/2022","BUK_033","367","13:56",18.2779,-64.899,NA,NA
"387","5/16/2022","BUK_034","438","13:59",18.27774,-64.8991,NA,NA
"388","5/16/2022","BUK_035","153","10:09",18.27855,-64.899,NA,NA
"389","5/16/2022","BUK_036","153","10:09",18.27855,-64.899,NA,NA
"390","5/16/2022","BUK_037","154","10:16",18.27861,-64.8988,NA,NA
"391","5/16/2022","BUK_038","154","10:16",18.27861,-64.8988,NA,NA
"392","5/16/2022","BUK_039","159","10:24",18.27867,-64.8988,NA,NA
"393","5/16/2022","BUK_040","159","10:24",18.27867,-64.8988,NA,NA
"394","5/16/2022","BUK_041","157","10:30",18.27858,-64.8988,NA,NA
"395","5/16/2022","BUK_042","151","10:35",18.27867,-64.8986,NA,NA
"396","5/16/2022","BUK_043","155","10:40",18.27874,-64.8985,NA,NA
"397","5/16/2022","BUK_044","156","10:44",18.27875,-64.8984,NA,NA
"398","5/16/2022","BUK_045","158","10:52",18.27869,-64.8985,NA,NA
"399","5/16/2022","BUK_046","142","10:55",18.27866,-64.8985,NA,NA
"400","5/16/2022","BUK_047","141","11:00",18.27845,-64.8987,NA,NA
"401","5/16/2022","BUK_048","143","11:04",18.27844,-64.8988,NA,NA
"402","5/16/2022","BUK_049","145","11:07",18.27839,-64.8989,NA,NA
"403","5/16/2022","BUK_050","160","11:11",18.27835,-64.899,NA,NA
"404","5/16/2022","BUK_051","144","12:34",18.27782,-64.8986,NA,NA
"405","5/16/2022","BUK_052","144","12:34",18.27782,-64.8986,NA,NA
"406","5/16/2022","BUK_053","146","12:40",18.27778,-64.8987,NA,NA
"407","5/16/2022","BUK_054","147","12:46",18.27784,-64.8983,NA,NA
"408","5/16/2022","BUK_055","158","12:52",18.2778,-64.8982,NA,NA
"409","5/16/2022","BUK_056","379","13:03",18.27782,-64.8979,NA,NA
"410","5/16/2022","BUK_057","387","13:09",18.27778,-64.8979,NA,NA
"411","5/16/2022","BUK_058","369","13:12",18.27789,-64.8979,NA,NA
"412","5/16/2022","BUK_059","318","13:21",18.27774,-64.898,NA,NA
"413","5/16/2022","BUK_060","368","13:26",18.27785,-64.8984,NA,NA
"414","5/16/2022","BUK_061","339","13:29",18.27787,-64.8985,NA,NA
"415","5/16/2022","BUK_062","313","13:32",18.27784,-64.8986,NA,NA
"416","5/16/2022","BUK_063","316","13:38",18.27791,-64.8989,NA,NA
"417","5/16/2022","BUK_064","356","13:42",18.27789,-64.8989,NA,NA
"418","5/16/2022","BUK_065","363","14:03",18.27788,-64.8991,NA,NA
"419","5/18/2022","BUK_066","","",NA,NA,NA,NA
"420","5/18/2022","BUK_067","","",NA,NA,NA,NA
"421","5/18/2022","BUK_068","","",NA,NA,NA,NA
"422","5/18/2022","BUK_069","","",NA,NA,NA,NA
"423","5/18/2022","BUK_070","","",NA,NA,NA,NA
"424","5/18/2022","BUK_071","","",NA,NA,NA,NA
"425","5/18/2022","BUK_072","","",NA,NA,NA,NA
"426","5/18/2022","BUK_073","","",NA,NA,NA,NA
"427","5/18/2022","BUK_074","","",NA,NA,NA,NA
"428","5/17/2022","FLR_001","G1251","9:35",18.31787,-64.9907,NA,NA
"429","5/17/2022","FLR_002","G1252","9:42",18.3182,-64.9908,NA,NA
"430","5/17/2022","FLR_003","G1252","9:42",18.3182,-64.9908,NA,NA
"431","5/17/2022","FLR_004","G1253","9:50",18.31821,-64.9908,NA,NA
"432","5/17/2022","FLR_005","G1253","9:50",18.31821,-64.9908,NA,NA
"433","5/17/2022","FLR_006","G1253","9:50",18.31821,-64.9908,NA,NA
"434","5/17/2022","FLR_007","G1254","10:00",18.31834,-64.9906,NA,NA
"435","5/17/2022","FLR_008","G1255","10:04",18.31834,-64.9907,NA,NA
"436","5/17/2022","FLR_009","G1261","10:08",18.31835,-64.9907,NA,NA
"437","5/17/2022","FLR_010","G1261","10:08",18.31835,-64.9907,NA,NA
"438","5/17/2022","FLR_011","G1262","10:15",18.3184,-64.9906,NA,NA
"439","5/17/2022","FLR_012","G1265","10:19",18.3184,-64.9906,NA,NA
"440","5/17/2022","FLR_013","G1263","10:32",18.31849,-64.9904,NA,NA
"441","5/17/2022","FLR_014","G1264","10:40",18.31831,-64.9906,NA,NA
"442","5/17/2022","FLR_015","G1264","10:40",18.31831,-64.9906,NA,NA
"443","5/17/2022","FLR_016","G1271","10:45",18.31821,-64.9907,NA,NA
"444","5/17/2022","FLR_017","G1271","10:45",18.31821,-64.9907,NA,NA
"445","5/17/2022","FLR_018","G1272","12:06",18.31783,-64.9909,NA,NA
"446","5/17/2022","FLR_019","G1273","12:10",18.3177,-64.9908,NA,NA
"447","5/17/2022","FLR_020","G1274","12:15",18.31768,-64.9908,NA,NA
"448","5/17/2022","FLR_021","G1275","12:20",18.31769,-64.9908,NA,NA
"449","5/17/2022","FLR_022","G1275","12:20",18.31769,-64.9908,NA,NA
"450","5/17/2022","FLR_023","G1930","12:25",18.31772,-64.9906,NA,NA
"451","5/17/2022","FLR_024","G1285","12:32",18.31776,-64.9905,NA,NA
"452","5/17/2022","FLR_025","G1284","12:37",18.31765,-64.9905,NA,NA
"453","5/17/2022","FLR_026","G1281","12:42",18.31777,-64.9904,NA,NA
"454","5/17/2022","FLR_027","G1282","12:48",18.31775,-64.9904,NA,NA
"455","5/17/2022","FLR_028","G1283","12:52",18.3177,-64.9904,NA,NA
"456","5/17/2022","FLR_029","G1291","13:01",18.31772,-64.9902,NA,NA
"457","5/17/2022","FLR_030","G1292","13:16",18.31756,-64.9903,NA,NA
"458","5/17/2022","FLR_031","G1906","9:47",18.31822,-64.9908,NA,NA
"459","5/17/2022","FLR_032","G1906","9:47",18.31822,-64.9908,NA,NA
"460","5/17/2022","FLR_033","G1906","9:47",18.31822,-64.9908,NA,NA
"461","5/17/2022","FLR_034","G1907","9:58",18.31834,-64.9906,NA,NA
"462","5/17/2022","FLR_035","G1907","9:58",18.31834,-64.9906,NA,NA
"463","5/17/2022","FLR_036","G1908","10:05",18.31835,-64.9907,NA,NA
"464","5/17/2022","FLR_037","G1908","10:05",18.31835,-64.9907,NA,NA
"465","5/17/2022","FLR_038","G1909","10:10",18.31839,-64.9906,NA,NA
"466","5/17/2022","FLR_039","G1909","10:10",18.31839,-64.9906,NA,NA
"467","5/17/2022","FLR_040","G1916","10:15",18.3184,-64.9906,NA,NA
"468","5/17/2022","FLR_041","G1916","10:15",18.3184,-64.9906,NA,NA
"469","5/17/2022","FLR_042","G1916","10:15",18.3184,-64.9906,NA,NA
"470","5/17/2022","FLR_043","G1910","10:24",18.31847,-64.9905,NA,NA
"471","5/17/2022","FLR_044","G1917","10:29",18.3185,-64.9904,NA,NA
"472","5/17/2022","FLR_045","G1917","10:29",18.3185,-64.9904,NA,NA
"473","5/17/2022","FLR_046","G1918","10:36",18.31841,-64.9904,NA,NA
"474","5/17/2022","FLR_047","G1919","10:40",18.31831,-64.9906,NA,NA
"475","5/17/2022","FLR_048","G1919","10:40",18.31831,-64.9906,NA,NA
"476","5/17/2022","FLR_049","G1253","10:43",18.31829,-64.9907,NA,NA
"477","5/17/2022","FLR_050","G1920","10:50",18.31813,-64.9909,NA,NA
"478","5/17/2022","FLR_051","G1920","10:50",18.31813,-64.9909,NA,NA
"479","5/17/2022","FLR_052","G1926","10:56",18.31812,-64.9909,NA,NA
"480","5/17/2022","FLR_053","G1926","10:56",18.31812,-64.9909,NA,NA
"481","5/17/2022","FLR_054","G1927","11:03",18.31773,-64.9909,NA,NA
"482","5/17/2022","FLR_055","G1928","12:13",18.31767,-64.9908,NA,NA
"483","5/17/2022","FLR_056","G1928","12:13",18.31767,-64.9908,NA,NA
"484","5/17/2022","FLR_057","G1929","12:21",18.31769,-64.9908,NA,NA
"485","5/17/2022","FLR_058","G1930","12:24",18.31772,-64.9907,NA,NA
"486","5/17/2022","FLR_059","G1936","12:29",18.31776,-64.9906,NA,NA
"487","5/17/2022","FLR_060","G1939","12:36",18.31765,-64.9905,NA,NA
"488","5/17/2022","FLR_061","G1937","12:40",18.31772,-64.9905,NA,NA
"489","5/17/2022","FLR_062","G1938","12:44",18.31779,-64.9904,NA,NA
"490","5/17/2022","FLR_063","G1940","12:48",18.31775,-64.9904,NA,NA
"491","5/17/2022","FLR_064","G1946","12:53",18.31771,-64.9904,NA,NA
"492","5/17/2022","FLR_065","G1947","12:57",18.31768,-64.9903,NA,NA
"493","5/17/2022","FLR_066","G1948","13:04",18.31765,-64.9901,NA,NA
"494","5/17/2022","FLR_067","G1950","13:16",18.31756,-64.9903,NA,NA
"495","5/17/2022","FLR_068","G2888","NA",NA,NA,NA,NA
"496","5/17/2022","FLR_069","G2397","NA",NA,NA,NA,NA
"497","5/17/2022","FLR_070","G2889","NA",NA,NA,NA,NA
"498","5/17/2022","FLR_071","G2890","NA",NA,NA,NA,NA
"499","5/17/2022","FLR_072","G2900","NA",NA,NA,NA,NA
"500","5/17/2022","FLR_073","G2399","NA",NA,NA,NA,NA
"501","5/17/2022","FLR_074","G2896","NA",NA,NA,NA,NA
"502","5/17/2022","FLR_075","G2398","NA",NA,NA,NA,NA
"503","5/17/2022","FLR_076","G2897","NA",NA,NA,NA,NA
"504","5/17/2022","FLR_077","G2483","NA",NA,NA,NA,NA
"505","5/18/2022","MEG_071","G1296","10:29",NA,NA,NA,NA
"506","5/18/2022","MEG_072","G1256","10:32",NA,NA,NA,NA
"507","5/18/2022","MEG_073","G1259","10:40",NA,NA,NA,NA
"508","5/18/2022","MEG_074","G1257","10:49",NA,NA,NA,NA
"509","5/18/2022","MEG_075","G1258","11:02",NA,NA,NA,NA
"510","5/18/2022","MEG_076","G1260","11:06",NA,NA,NA,NA
"511","5/18/2022","MEG_077","G1266","11:16",NA,NA,NA,NA
"512","5/18/2022","MEG_078","G1267","11:26",NA,NA,NA,NA
"513","5/18/2022","MEG_079","G1951","10:34",NA,NA,NA,NA
"514","5/18/2022","MEG_080","G1952","10:55",NA,NA,NA,NA
"515","5/18/2022","MEG_081","G1953","10:59",NA,NA,NA,NA
"516","5/18/2022","MEG_082","G1961","11:04",NA,NA,NA,NA
"517","5/18/2022","MEG_083","G1954","11:07",NA,NA,NA,NA
"518","5/18/2022","MEG_084","G1201","10:42",NA,NA,NA,NA
"519","5/18/2022","MEG_085","G1202","11:18",NA,NA,NA,NA
"520","5/18/2022","IBR_112","G1268","13:00",NA,NA,NA,NA
"521","5/18/2022","IBR_113","G1276","13:09",NA,NA,NA,NA
"522","5/18/2022","IBR_114","G1269","13:14",NA,NA,NA,NA
"523","5/18/2022","IBR_115","G1270","13:19",NA,NA,NA,NA
"524","5/18/2022","IBR_116","G1279","13:23",NA,NA,NA,NA
"525","5/18/2022","IBR_117","G1277","13:30",NA,NA,NA,NA
"526","5/18/2022","IBR_118","G1280","14:04",NA,NA,NA,NA
"527","5/18/2022","IBR_119","G1286","14:17",NA,NA,NA,NA
"528","5/18/2022","IBR_120","G1278","14:24",NA,NA,NA,NA
"529","5/18/2022","IBR_121","G1955","13:00",NA,NA,NA,NA
"530","5/18/2022","IBR_122","G1962","13:10",NA,NA,NA,NA
"531","5/18/2022","IBR_123","G1963","13:12",NA,NA,NA,NA
"532","5/18/2022","IBR_124","G1964","13:23",NA,NA,NA,NA
"533","5/18/2022","IBR_125","G1965","14:05",NA,NA,NA,NA
"534","5/18/2022","IBR_126","G1971","14:11",NA,NA,NA,NA
"535","5/18/2022","IBR_127","G1972","14:16",NA,NA,NA,NA
"536","5/18/2022","IBR_128","G1203","13:00",NA,NA,NA,NA
"537","5/18/2022","IBR_129","G1204","13:06",NA,NA,NA,NA
"538","5/18/2022","IBR_130","G1205","13:18",NA,NA,NA,NA
"539","5/18/2022","IBR_131","G1211","13:21",NA,NA,NA,NA
"540","5/18/2022","IBR_132","G1212","13:28",NA,NA,NA,NA
"541","5/18/2022","IBR_133","G1215","14:13",NA,NA,NA,NA
"542","5/18/2022","IBR_134","G1214","14:20",NA,NA,NA,NA
"543","5/18/2022","IBR_135","G1213","14:29",NA,NA,NA,NA
"544","5/19/2022","SAP_071","G1300","13:35",NA,NA,NA,NA
"545","5/19/2022","SAP_072","G1299","13:39",NA,NA,NA,NA
"546","5/19/2022","SAP_073","G1298","13:47",NA,NA,NA,NA
"547","5/19/2022","SAP_074","G1297","13:54",NA,NA,NA,NA
"548","5/19/2022","SAP_075","G1295","14:09",NA,NA,NA,NA
"549","5/19/2022","SAP_076","G1973","14:16",NA,NA,NA,NA
"550","5/19/2022","SAP_077","G1974","14:22",NA,NA,NA,NA
"551","5/19/2022","SAP_078","G1975","14:27",NA,NA,NA,NA
"552","5/19/2022","SAP_079","G1290","13:42",NA,NA,NA,NA
"553","5/19/2022","SAP_080","G1289","13:47",NA,NA,NA,NA
"554","5/19/2022","SAP_081","G1221","13:51",NA,NA,NA,NA
"555","5/19/2022","SAP_082","G1222","13:58",NA,NA,NA,NA
"556","5/19/2022","SAP_083","G1288","14:00",NA,NA,NA,NA
"557","5/19/2022","SAP_084","G1231","14:05",NA,NA,NA,NA
"558","5/19/2022","SAP_085","G1287","14:21",NA,NA,NA,NA
"559","5/19/2022","SAP_086","G1223","14:27",NA,NA,NA,NA
"560","5/19/2022","SAP_087","G1224","14:33",NA,NA,NA,NA
"561","5/20/2022","UVI_001","A","",NA,NA,NA,NA
"562","5/20/2022","UVI_002","B","",NA,NA,NA,NA
"563","5/20/2022","UVI_003","C","",NA,NA,NA,NA
"564","5/20/2022","UVI_004","D","",NA,NA,NA,NA
"565","5/20/2022","UVI_005","E","",NA,NA,NA,NA
"566","5/20/2022","UVI_006","F","",NA,NA,NA,NA
"567","5/20/2022","UVI_007","G","",NA,NA,NA,NA
"568","5/20/2022","UVI_008","H","",NA,NA,NA,NA
"569","5/20/2022","UVI_009","I","",NA,NA,NA,NA
"570","5/20/2022","UVI_010","J","",NA,NA,NA,NA
"571","5/20/2022","UVI_011","K","",NA,NA,NA,NA
"572","5/20/2022","UVI_012","L","",NA,NA,NA,NA
"573","5/20/2022","UVI_013","M","",NA,NA,NA,NA
"574","5/20/2022","UVI_014","N","",NA,NA,NA,NA
"575","5/20/2022","UVI_015","O","",NA,NA,NA,NA
"576","5/20/2022","UVI_016","P","",NA,NA,NA,NA
"577","5/23/2022","THC_001","3401","10:18",NA,NA,NA,NA
"578","5/23/2022","THC_002","3400","10:23",NA,NA,NA,NA
"579","5/23/2022","THC_003","22","10:27",NA,NA,NA,NA
"580","5/23/2022","THC_004","3404","10:32",NA,NA,NA,NA
"581","5/23/2022","THC_005","34","10:43",NA,NA,NA,NA
"582","5/23/2022","THC_006","3412","10:45",NA,NA,NA,NA
"583","5/23/2022","THC_007","3420","10:48",NA,NA,NA,NA
"584","5/23/2022","THC_008","3413","10:50",NA,NA,NA,NA
"585","5/23/2022","THC_009","6","10:55",NA,NA,NA,NA
"586","5/23/2022","THC_010","3387","10:59",NA,NA,NA,NA
"587","5/23/2022","THC_011","G1090","11:35",NA,NA,NA,NA
"588","5/23/2022","THC_012","G1100","12:36",NA,NA,NA,NA
"589","5/23/2022","THC_013","G1099","13:00",NA,NA,NA,NA
"590","5/23/2022","THC_014","G1098","13:02",NA,NA,NA,NA
"591","5/23/2022","THC_015","G1089","13:04",NA,NA,NA,NA
"592","5/23/2022","THC_016","G1088","13:07",NA,NA,NA,NA
"593","5/23/2022","THC_017","G1080","13:10",NA,NA,NA,NA
"594","5/23/2022","THC_018","G1079","13:13",NA,NA,NA,NA
"595","5/23/2022","THC_019","G1070","13:16",NA,NA,NA,NA
"596","5/23/2022","THC_020","G1069","13:20",NA,NA,NA,NA
"597","5/23/2022","THC_021","3408","10:23",NA,NA,NA,NA
"598","5/23/2022","THC_022","3399","10:28",NA,NA,NA,NA
"599","5/23/2022","THC_023","3405","10:42",NA,NA,NA,NA
"600","5/23/2022","THC_024","3411","10:49",NA,NA,NA,NA
"601","5/23/2022","THC_025","4073","10:52",NA,NA,NA,NA
"602","5/23/2022","THC_026","3391","10:55",NA,NA,NA,NA
"603","5/23/2022","THC_027","3393","10:59",NA,NA,NA,NA
"604","5/23/2022","THC_028","3397","11:04",NA,NA,NA,NA
"605","5/23/2022","THC_029","3390","11:09",NA,NA,NA,NA
"606","5/23/2022","THC_030","G1051","12:25",NA,NA,NA,NA
"607","5/23/2022","THC_031","G1052","12:39",NA,NA,NA,NA
"608","5/23/2022","THC_032","G1053","12:42",NA,NA,NA,NA
"609","5/23/2022","THC_033","G1054","12:26",NA,NA,NA,NA
"610","5/23/2022","THC_034","G1055","13:08",NA,NA,NA,NA
"611","5/23/2022","THC_035","G1061","13:11",NA,NA,NA,NA
"612","5/23/2022","THC_036","G1062","13:14",NA,NA,NA,NA
"613","5/23/2022","THC_037","G1063","13:16",NA,NA,NA,NA
"614","5/23/2022","THC_038","G1064","13:19",NA,NA,NA,NA
"615","5/23/2022","THC_039","G1065","13:22",NA,NA,NA,NA
"616","5/23/2022","THC_040","3409","NA",NA,NA,NA,NA
"617","5/23/2022","THC_041","3403","NA",NA,NA,NA,NA
"618","5/23/2022","THC_042","3398","NA",NA,NA,NA,NA
"619","5/23/2022","THC_043","3416","NA",NA,NA,NA,NA
"620","5/23/2022","THC_044","3407","NA",NA,NA,NA,NA
"621","5/23/2022","THC_045","3410","NA",NA,NA,NA,NA
"622","5/23/2022","THC_046","3419","NA",NA,NA,NA,NA
"623","5/23/2022","THC_047","3421","NA",NA,NA,NA,NA
"624","5/23/2022","THC_048","3415","NA",NA,NA,NA,NA
"625","5/23/2022","THC_049","3394","NA",NA,NA,NA,NA
"626","5/23/2022","COW_001","3486","14:19",NA,NA,NA,NA
"627","5/23/2022","COW_002","3481","14:22",NA,NA,NA,NA
"628","5/23/2022","COW_003","3478","14:24",NA,NA,NA,NA
"629","5/23/2022","COW_004","3484","14:26",NA,NA,NA,NA
"630","5/23/2022","COW_005","3482","14:28",NA,NA,NA,NA
"631","5/23/2022","COW_006","3489","14:47",NA,NA,NA,NA
"632","5/23/2022","COW_007","3494","14:49",NA,NA,NA,NA
"633","5/23/2022","COW_008","3500","14:51",NA,NA,NA,NA
"634","5/23/2022","COW_009","3490","14:53",NA,NA,NA,NA
"635","5/23/2022","COW_010","3492","14:56",NA,NA,NA,NA
"636","5/23/2022","COW_011","3474","15:16",NA,NA,NA,NA
"637","5/23/2022","COW_012","G1078","14:36",NA,NA,NA,NA
"638","5/23/2022","COW_013","G1097","14:41",NA,NA,NA,NA
"639","5/23/2022","COW_014","G1087","14:44",NA,NA,NA,NA
"640","5/23/2022","COW_015","G1096","15:04",NA,NA,NA,NA
"641","5/23/2022","COW_016","G1060","15:08",NA,NA,NA,NA
"642","5/23/2022","COW_017","G1056","15:22",NA,NA,NA,NA
"643","5/23/2022","COW_018","G1057","15:35",NA,NA,NA,NA
"644","5/23/2022","COW_019","G1058","15:42",NA,NA,NA,NA
"645","5/23/2022","COW_020","3480","14:28",NA,NA,NA,NA
"646","5/23/2022","COW_021","3483","14:33",NA,NA,NA,NA
"647","5/23/2022","COW_022","G1071","14:44",NA,NA,NA,NA
"648","5/23/2022","COW_023","G1072","14:48",NA,NA,NA,NA
"649","5/23/2022","COW_024","G1073","14:52",NA,NA,NA,NA
"650","5/23/2022","COW_025","3468","14:56",NA,NA,NA,NA
"651","5/23/2022","COW_026","3473","15:00",NA,NA,NA,NA
"652","5/23/2022","COW_027","3471","15:05",NA,NA,NA,NA
"653","5/23/2022","COW_028","3469","15:08",NA,NA,NA,NA
"654","5/23/2022","COW_029","3470","15:10",NA,NA,NA,NA
"655","5/23/2022","COW_030","3467","15:17",NA,NA,NA,NA
"656","5/23/2022","COW_031","G1074","15:23",NA,NA,NA,NA
"657","5/23/2022","COW_032","G1075","15:28",NA,NA,NA,NA
"658","5/23/2022","COW_033","G1081","15:32",NA,NA,NA,NA
"659","5/23/2022","COW_034","G1082","15:42",NA,NA,NA,NA
"660","5/23/2022","COW_035","G1083","15:47",NA,NA,NA,NA
"661","5/23/2022","COW_036","3479","",NA,NA,NA,NA
"662","5/23/2022","COW_037","3487","",NA,NA,NA,NA
"663","5/23/2022","COW_038","G1956","",NA,NA,NA,NA
"664","5/23/2022","COW_039","G1957","",NA,NA,NA,NA
"665","5/23/2022","COW_040","3493","",NA,NA,NA,NA
"666","5/23/2022","COW_041","3491","",NA,NA,NA,NA
"667","5/23/2022","COW_042","3498","",NA,NA,NA,NA
"668","5/23/2022","COW_043","3499","",NA,NA,NA,NA
"669","5/23/2022","COW_044","G1958","",NA,NA,NA,NA
"670","5/23/2022","COW_045","3465","",NA,NA,NA,NA
"671","5/23/2022","COW_046","3472","",NA,NA,NA,NA
"672","5/23/2022","COW_047","3466","",NA,NA,NA,NA
"673","5/23/2022","COW_048","G1960","",NA,NA,NA,NA
"674","5/23/2022","COW_049","G1959","",NA,NA,NA,NA
"675","5/23/2022","COW_050","G1966","",NA,NA,NA,NA
"676","5/24/2022","BOT_001","3307","10:22",NA,NA,NA,NA
"677","5/24/2022","BOT_002","3303","10:25",NA,NA,NA,NA
"678","5/24/2022","BOT_003","3302","10:27",NA,NA,NA,NA
"679","5/24/2022","BOT_004","3306","10:34",NA,NA,NA,NA
"680","5/24/2022","BOT_005","4040","10:39",NA,NA,NA,NA
"681","5/24/2022","BOT_006","4038","10:52",NA,NA,NA,NA
"682","5/24/2022","BOT_007","3316","10:57",NA,NA,NA,NA
"683","5/24/2022","BOT_008","3318","10:59",NA,NA,NA,NA
"684","5/24/2022","BOT_009","G1041","11:21",NA,NA,NA,NA
"685","5/24/2022","BOT_010","G1041","11:22",NA,NA,NA,NA
"686","5/24/2022","BOT_011","G1031","11:31",NA,NA,NA,NA
"687","5/24/2022","BOT_012","G1031","11:32",NA,NA,NA,NA
"688","5/24/2022","BOT_013","G1042","11:40",NA,NA,NA,NA
"689","5/24/2022","BOT_014","G1032","11:45",NA,NA,NA,NA
"690","5/24/2022","BOT_015","G1001","11:53",NA,NA,18.3584335818887,-65.0329269468784
"691","5/24/2022","BOT_016","3328","12:02",NA,NA,18.3582102879882,-65.0329752266407
"692","5/24/2022","BOT_017","3330","12:06",NA,NA,18.3582192566246,-65.0329774059355
"693","5/24/2022","BOT_018","G1991","",NA,NA,NA,NA
"694","5/24/2022","BOT_019","G1984","",NA,NA,NA,NA
"695","5/24/2022","BOT_020","G1985","",NA,NA,NA,NA
"696","5/24/2022","BOT_021","G1983","",NA,NA,NA,NA
"697","5/24/2022","BOT_022","G1982","",NA,NA,NA,NA
"698","5/24/2022","BOT_023","3333","",NA,NA,NA,NA
"699","5/24/2022","BOT_024","3331","",NA,NA,NA,NA
"700","5/24/2022","BOT_025","3305","10:31",NA,NA,NA,NA
"701","5/24/2022","BOT_026","3304","10:34",NA,NA,NA,NA
"702","5/24/2022","BOT_027","3301","10:38",NA,NA,NA,NA
"703","5/24/2022","BOT_028","3312","10:42",NA,NA,NA,NA
"704","5/24/2022","BOT_029","3310","10:46",NA,NA,NA,NA
"705","5/24/2022","BOT_030","3320","10:57",NA,NA,NA,NA
"706","5/24/2022","BOT_031","3315","11:01",NA,NA,NA,NA
"707","5/24/2022","BOT_032","3313","11:07",NA,NA,NA,NA
"708","5/24/2022","BOT_033","G1006","NA",NA,NA,NA,NA
"709","5/24/2022","BOT_034","G1007","NA",NA,NA,NA,NA
"710","5/24/2022","BOT_035","G1008","NA",NA,NA,NA,NA
"711","5/24/2022","BOT_036","G1014","NA",NA,NA,NA,NA
"712","5/24/2022","BOT_037","G1009","NA",NA,NA,NA,NA
"713","5/24/2022","BOT_038","G1010","NA",NA,NA,NA,NA
"714","5/24/2022","BOT_039","G1017","NA",NA,NA,NA,NA
"715","5/24/2022","BOT_040","G1001","NA",NA,NA,NA,NA
"716","5/24/2022","BOT_041","3326","NA",NA,NA,NA,NA
"717","5/24/2022","BOT_042","3325","NA",NA,NA,NA,NA
"718","5/24/2022","MER_001","G1033","13:26",NA,NA,18.3522063307464,-65.0420284364372
"719","5/24/2022","MER_002","G1043","13:37",NA,NA,18.3526913914829,-65.0422585196793
"720","5/24/2022","MER_003","G1045","13:41",NA,NA,18.3529230672866,-65.0424324441701
"721","5/24/2022","MER_004","see_photo","13:47",NA,NA,18.3529060520232,-65.0425051152706
"722","5/24/2022","MER_005","G1034","13:53",NA,NA,18.3530884422362,-65.0424868427217
"723","5/24/2022","MER_006","G1035","13:59",NA,NA,18.3535600081086,-65.0423024408519
"724","5/24/2022","MER_007","G1024","14:05",NA,NA,18.3537583239377,-65.0421955715865
"725","5/24/2022","MER_008","G1025","14:10",NA,NA,18.35384381935,-65.0424004253
"726","5/24/2022","MER_009","G1004","14:13",NA,NA,18.3539057616144,-65.042347451672
"727","5/24/2022","MER_010","G1005","14:17",NA,NA,18.3539965376258,-65.0424182787538
"728","5/24/2022","MER_011","G1018","13:20",NA,NA,18.3523561153561,-65.0429245457053
"729","5/24/2022","MER_012","G1019","13:39",NA,NA,18.3527908846736,-65.0424205418676
"730","5/24/2022","MER_013","G1026","13:42",NA,NA,18.3529198821634,-65.0424386467785
"731","5/24/2022","MER_014","G1020","13:46",NA,NA,18.3529164455831,-65.0424878485501
"732","5/24/2022","MER_015","G1027","13:48",NA,NA,18.352916277945,-65.0425098091364
"733","5/24/2022","MER_016","G1028","14:05",NA,NA,18.3537583239377,-65.0421955715865
"734","5/24/2022","MER_017","G1029","14:07",NA,NA,18.3537734113634,-65.0421955715865
"735","5/24/2022","MER_018","G1030","14:12",NA,NA,18.3538672048599,-65.0423451047391
"736","5/24/2022","MER_019","G1036","14:16",NA,NA,18.353986395523,-65.0423572584987
"737","5/24/2022","MER_020","G1037","14:17",NA,NA,18.3539965376258,-65.0424182787538
"738","5/24/2022",NA,NA,"11:51",NA,NA,18.3584931772202,-65.0328634120524
"739","5/24/2022",NA,NA,"11:52",NA,NA,18.3585166465491,-65.0328580476344
"740","5/24/2022",NA,NA,"11:54",NA,NA,18.358431821689,-65.032960055396
"741","5/24/2022",NA,NA,"11:55",NA,NA,18.3584490884095,-65.0329631567001
"742","5/24/2022",NA,NA,"11:56",NA,NA,18.3584436401725,-65.0329857878387
"743","5/24/2022",NA,NA,"11:57",NA,NA,18.3584984578192,-65.0330217462033
"744","5/24/2022",NA,NA,"11:58",NA,NA,18.3585336618125,-65.0330899748951
"745","5/24/2022",NA,NA,"11:59",NA,NA,18.3584578894079,-65.0331440381706
"746","5/24/2022",NA,NA,"12:00",NA,NA,18.3582870662212,-65.033078994602
"747","5/24/2022",NA,NA,"12:01",NA,NA,18.3582179155201,-65.0329687725753
"748","5/24/2022",NA,NA,"12:03",NA,NA,18.3582132216543,-65.0329934991896
"749","5/24/2022",NA,NA,"12:04",NA,NA,18.3582091145217,-65.0329801719636
"750","5/24/2022",NA,NA,"12:05",NA,NA,18.3582106232643,-65.0329895596951
"751","5/24/2022",NA,NA,"12:07",NA,NA,18.3582211006433,-65.0329784955829
"752","5/24/2022",NA,NA,"12:08",NA,NA,18.3582064323127,-65.0329880509526
"753","5/24/2022",NA,NA,"12:09",NA,NA,18.3582004811615,-65.0329910684377
"754","5/24/2022",NA,NA,"12:10",NA,NA,18.3582271356136,-65.0329783279449
"755","5/24/2022",NA,NA,"12:11",NA,NA,18.3582129701972,-65.0329863745719
"756","5/24/2022",NA,NA,"12:12",NA,NA,18.3582058455795,-65.0329930800945
"757","5/24/2022",NA,NA,"12:13",NA,NA,18.3582027442753,-65.0329888891429
"758","5/24/2022",NA,NA,"12:14",NA,NA,18.3582093659788,-65.032962905243
"759","5/24/2022",NA,NA,"12:15",NA,NA,18.3582184184343,-65.0329762324691
"760","5/24/2022",NA,NA,"12:16",NA,NA,18.3582085277885,-65.0329898111522
"761","5/24/2022",NA,NA,"12:17",NA,NA,18.3582138083875,-65.0329824350774
"762","5/24/2022",NA,NA,"12:18",NA,NA,18.3582139760256,-65.0329894758761
"763","5/24/2022",NA,NA,"12:19",NA,NA,18.3582223579288,-65.0329884700477
"764","5/24/2022",NA,NA,"12:20",NA,NA,18.358336770907,-65.0330732110888
"765","5/24/2022",NA,NA,"12:21",NA,NA,18.3584930934012,-65.0331540126354
"766","5/24/2022",NA,NA,"12:22",NA,NA,18.3586383517832,-65.0330935791135
"767","5/24/2022",NA,NA,"12:23",NA,NA,18.3588056545705,-65.0330743007362
"768","5/24/2022",NA,NA,"12:24",NA,NA,18.3588539343327,-65.0332214869559
"769","5/24/2022",NA,NA,"12:25",NA,NA,18.3589279465377,-65.0333458743989
"770","5/24/2022",NA,NA,"12:26",NA,NA,18.35892861709,-65.0333215668797
"771","5/24/2022",NA,NA,"12:27",NA,NA,18.3589302096516,-65.0333555135876
"772","5/24/2022",NA,NA,"12:28",NA,NA,18.3589277788997,-65.0333105865866
"773","5/24/2022",NA,NA,"12:29",NA,NA,18.3589212410152,-65.033308910206
"774","5/24/2022",NA,NA,"12:30",NA,NA,18.3589378371835,-65.0333126820624
"775","5/24/2022",NA,NA,"12:31",NA,NA,18.3589700236917,-65.0332558527589
"776","5/24/2022",NA,NA,"12:32",NA,NA,18.3589310478419,-65.0332988519222
"777","5/24/2022",NA,NA,"12:33",NA,NA,18.3589401002973,-65.0333259254694
"778","5/24/2022",NA,NA,"12:34",NA,NA,18.3589520025998,-65.0332996901125
"779","5/24/2022",NA,NA,"12:35",NA,NA,18.3589590433985,-65.0332743767649
"780","5/24/2022",NA,NA,"12:36",NA,NA,18.3589483983815,-65.0332892965525
"781","5/24/2022",NA,NA,"12:37",NA,NA,18.358962982893,-65.0332560203969
"782","5/24/2022",NA,NA,"12:38",NA,NA,18.358934065327,-65.0333066470921
"783","5/24/2022",NA,NA,"12:39",NA,NA,18.3588949218392,-65.0333674997091
"784","5/24/2022",NA,NA,"12:40",NA,NA,18.3588411100209,-65.0334163662046
"785","5/24/2022",NA,NA,"12:41",NA,NA,18.3588339015841,-65.0334138516337
"786","5/24/2022",NA,NA,"12:42",NA,NA,18.358875894919,-65.0333632249385
"787","5/24/2022",NA,NA,"12:43",NA,NA,18.3589284494519,-65.0333312898874
"788","5/24/2022",NA,NA,"12:44",NA,NA,18.3589112665504,-65.0333291105926
"789","5/24/2022",NA,NA,"12:45",NA,NA,18.3589190617204,-65.0332999415696
"790","5/24/2022",NA,NA,"12:46",NA,NA,18.3589556068182,-65.0332758855075
"791","5/24/2022",NA,NA,"12:47",NA,NA,18.3589571993798,-65.0332943256944
"792","5/24/2022",NA,NA,"12:48",NA,NA,18.3589213248342,-65.0333370734006
"793","5/24/2022",NA,NA,"12:49",NA,NA,18.3589062374085,-65.0333250872791
"794","5/24/2022",NA,NA,"12:50",NA,NA,18.3589442912489,-65.0332949962467
"795","5/24/2022",NA,NA,"12:51",NA,NA,18.3589475601912,-65.0333083234727
"796","5/24/2022",NA,NA,"12:52",NA,NA,18.35893381387,-65.0333364028484
"797","5/24/2022",NA,NA,"12:53",NA,NA,18.3589017949998,-65.0333531666547
"798","5/24/2022",NA,NA,"12:54",NA,NA,18.3588901441544,-65.0333542563021
"799","5/24/2022",NA,NA,"12:55",NA,NA,18.3589413575828,-65.033295750618
"800","5/24/2022",NA,NA,"12:56",NA,NA,18.3589450456202,-65.0332467164844
"801","5/24/2022",NA,NA,"12:57",NA,NA,18.3589510805905,-65.0332670006901
"802","5/24/2022",NA,NA,"12:58",NA,NA,18.358817640692,-65.0332543440163
"803","5/24/2022",NA,NA,"12:59",NA,NA,18.3587624877691,-65.0334211438894
"804","5/24/2022",NA,NA,"13:00",NA,NA,18.3586355019361,-65.0349860452116
"805","5/24/2022",NA,NA,"13:01",NA,NA,18.3580958750099,-65.0373273622245
"806","5/24/2022",NA,NA,"13:02",NA,NA,18.3575458545238,-65.0399274285883
"807","5/24/2022",NA,NA,"13:03",NA,NA,18.3567110169679,-65.0411052536219
"808","5/24/2022",NA,NA,"13:04",NA,NA,18.3556920289993,-65.0421522371471
"809","5/24/2022",NA,NA,"13:05",NA,NA,18.35408706218,-65.0432552117854
"810","5/24/2022",NA,NA,"13:06",NA,NA,18.3515126444399,-65.0424945540726
"811","5/24/2022",NA,NA,"13:07",NA,NA,18.3517924323678,-65.0416855327785
"812","5/24/2022",NA,NA,"13:08",NA,NA,18.3520329929888,-65.0411143060774
"813","5/24/2022",NA,NA,"13:09",NA,NA,18.3518796879798,-65.0409926008433
"814","5/24/2022",NA,NA,"13:10",NA,NA,18.3519143890589,-65.0410734862089
"815","5/24/2022",NA,NA,"13:11",NA,NA,18.3518504351377,-65.0411837082356
"816","5/24/2022",NA,NA,"13:12",NA,NA,18.3516160771251,-65.0413487479091
"817","5/24/2022",NA,NA,"13:13",NA,NA,18.3517097029835,-65.0415209960192
"818","5/24/2022",NA,NA,"13:14",NA,NA,18.3518784306943,-65.041723838076
"819","5/24/2022",NA,NA,"13:15",NA,NA,18.3519174065441,-65.0421612896025
"820","5/24/2022",NA,NA,"13:16",NA,NA,18.3521322347224,-65.0424223020673
"821","5/24/2022",NA,NA,"13:17",NA,NA,18.3524162974209,-65.0427191052586
"822","5/24/2022",NA,NA,"13:18",NA,NA,18.3527634758502,-65.043142978102
"823","5/24/2022",NA,NA,"13:19",NA,NA,18.3531497977674,-65.0434883963317
"824","5/24/2022",NA,NA,"13:21",NA,NA,18.3520214259624,-65.0420609582216
"825","5/24/2022",NA,NA,"13:22",NA,NA,18.3521375153214,-65.0421373173594
"826","5/24/2022",NA,NA,"13:23",NA,NA,18.3522855397314,-65.0420530792326
"827","5/24/2022",NA,NA,"13:24",NA,NA,18.3523045666516,-65.0420711841434
"828","5/24/2022",NA,NA,"13:25",NA,NA,18.3522276207805,-65.0420352257788
"829","5/24/2022",NA,NA,"13:27",NA,NA,18.3522226754576,-65.042212670669
"830","5/24/2022",NA,NA,"13:28",NA,NA,18.3522168081254,-65.0422772113234
"831","5/24/2022",NA,NA,"13:29",NA,NA,18.3522163052112,-65.0422717630863
"832","5/24/2022",NA,NA,"13:30",NA,NA,18.3522220049053,-65.0422793067992
"833","5/24/2022",NA,NA,"13:31",NA,NA,18.3522333204746,-65.0422933045775
"834","5/24/2022",NA,NA,"13:32",NA,NA,18.3522515092045,-65.0423187855631
"835","5/24/2022",NA,NA,"13:33",NA,NA,18.3523622341454,-65.0423807278275
"836","5/24/2022",NA,NA,"13:34",NA,NA,18.3524898067117,-65.0423990841955
"837","5/24/2022",NA,NA,"13:35",NA,NA,18.3525211550295,-65.0423378124833
"838","5/24/2022",NA,NA,"13:36",NA,NA,18.3526400104165,-65.0422373134643
"839","5/24/2022",NA,NA,"13:38",NA,NA,18.3528848458081,-65.042291963473
"840","5/24/2022",NA,NA,"13:40",NA,NA,18.3528270944953,-65.042410902679
"841","5/24/2022",NA,NA,"13:43",NA,NA,18.3529248274863,-65.0424367189407
"842","5/24/2022",NA,NA,"13:44",NA,NA,18.3529102429748,-65.0424500461668
"843","5/24/2022",NA,NA,"13:45",NA,NA,18.3529140986502,-65.0424804724753
"844","5/24/2022",NA,NA,"13:49",NA,NA,18.3528205566108,-65.0425492040813
"845","5/24/2022",NA,NA,"13:50",NA,NA,18.3529237378389,-65.0425493717194
"846","5/24/2022",NA,NA,"13:51",NA,NA,18.3530745282769,-65.0424933806062
"847","5/24/2022",NA,NA,"13:52",NA,NA,18.3530886936933,-65.0424801371992
"848","5/24/2022",NA,NA,"13:54",NA,NA,18.3531748596579,-65.0425189454108
"849","5/24/2022",NA,NA,"13:55",NA,NA,18.3533090539277,-65.0424645468593
"850","5/24/2022",NA,NA,"13:56",NA,NA,18.3533842395991,-65.0423550792038
"851","5/24/2022",NA,NA,"13:57",NA,NA,18.3534930367023,-65.0422912929207
"852","5/24/2022",NA,NA,"13:58",NA,NA,18.3535747602582,-65.0422399956733
"853","5/24/2022",NA,NA,"14:00",NA,NA,18.3535631094128,-65.0423010159284
"854","5/24/2022",NA,NA,"14:01",NA,NA,18.3536056894809,-65.0422430131584
"855","5/24/2022",NA,NA,"14:02",NA,NA,18.3537423145026,-65.0421931408346
"856","5/24/2022",NA,NA,"14:03",NA,NA,18.3537600003183,-65.0423175282776
"857","5/24/2022",NA,NA,"14:04",NA,NA,18.3537657000124,-65.042204959318
"858","5/24/2022",NA,NA,"14:06",NA,NA,18.3537840563804,-65.0422451086342
"859","5/24/2022",NA,NA,"14:08",NA,NA,18.3538345154375,-65.0423096492887
"860","5/24/2022",NA,NA,"14:09",NA,NA,18.3538547996432,-65.0424086395651
"861","5/24/2022",NA,NA,"14:11",NA,NA,18.3538486808538,-65.0423779617995
"862","5/24/2022",NA,NA,"14:14",NA,NA,18.3539749123156,-65.0424589309841
"863","5/24/2022",NA,NA,"14:15",NA,NA,18.3539550472051,-65.0423492118716
"864","5/24/2022",NA,NA,"14:18",NA,NA,18.3539932686836,-65.0424555782229
"865","5/24/2022",NA,NA,"14:19",NA,NA,18.354007685557,-65.0424148421735
"866","5/24/2022",NA,NA,"14:20",NA,NA,18.3540239464492,-65.0424381438643
"867","5/24/2022",NA,NA,"14:21",NA,NA,18.3539902511984,-65.0423717591912
"868","5/24/2022",NA,NA,"14:22",NA,NA,18.3539572264999,-65.0423585157841
"869","5/24/2022",NA,NA,"14:23",NA,NA,18.3539738226682,-65.0423459429294
"870","5/24/2022",NA,NA,"14:24",NA,NA,18.3539703022689,-65.0423557497561
"871","5/24/2022",NA,NA,"14:25",NA,NA,18.353962758556,-65.0423773750663
"872","5/24/2022",NA,NA,"14:26",NA,NA,18.353901989758,-65.0426193606108
"873","5/24/2022",NA,NA,"14:27",NA,NA,18.3538106270134,-65.0426694005728
"874","5/24/2022",NA,NA,"14:28",NA,NA,18.3539217710495,-65.0426714122295
